index,x,y,label
0,0.49084255,1.3210889,1
1,-1.0131531,0.8144975,6
2,-0.36414742,0.22302136,1
3,-0.31171128,4.0242634,5
4,-0.5224239,-0.90785986,9
5,0.66128695,0.95994365,6
6,-1.0230931,-1.36396,3
7,-0.19154188,0.8404509,0
8,-1.432563,-0.7134748,8
9,-0.21005522,1.1578311,8
10,0.48872137,0.5933557,6
11,-0.3269218,-0.85258037,1
12,-0.83026576,0.2275614,1
13,0.26151687,1.0830336,2
14,-1.1372452,0.48401707,0
15,1.6733505,-0.29196927,3
16,0.39566174,0.91095096,3
17,-1.4352012,0.9653138,8
18,1.1701713,0.25588647,0
19,-0.7357483,0.07133463,3
20,0.026786402,1.7420081,0
21,-2.3242245,0.03725548,1
22,-0.095008634,1.4135773,7
23,-0.34506658,-0.51505613,2
24,-0.19479139,-0.6289434,0
25,0.07548669,0.60554564,2
26,-0.24704567,1.1657528,9
27,-0.15840328,0.37527984,3
28,0.9825529,-0.18070197,2
29,1.4051704,-0.11440356,3
30,-1.0654427,-0.8245771,8
31,-0.3031423,0.018758994,6
32,-1.99033,-0.23175058,8
33,-0.73608935,1.1769179,7
34,1.1438341,-0.18769968,0
35,1.32753,-1.005154,5
36,-0.39291123,1.7467868,7
37,0.03351641,0.059145276,6
38,-3.2379093,0.8473613,2
39,-0.46849015,1.8415773,8
40,-0.5786011,-0.60587364,1
41,-0.5412793,0.18771641,1
42,-4.9127555,-0.7050715,1
43,0.7519131,0.3161026,3
44,0.8077723,-0.6742461,3
45,0.1846672,0.71553487,0
46,-0.32202694,0.14480731,9
47,-3.4993117,-1.3759639,5
48,-2.7794905,-0.95215505,1
49,-0.19275162,-0.2898268,1
50,-0.3533979,0.35664412,4
51,-1.1510335,1.8929278,0
52,-0.16707624,-1.1432484,1
53,4.5034285,3.3057306,6
54,0.31816456,2.335016,7
55,-1.4419006,-0.65607494,4
56,0.5932446,-0.26856276,5
57,-0.410676,-1.6078999,6
58,-1.174608,0.3121162,6
59,1.5464476,0.03977946,0
60,1.0267522,-0.27903864,0
61,0.11929766,-0.15210034,9
62,0.28539592,-0.31274658,5
63,-1.1542964,-2.1053307,6
64,-0.43947667,-0.588865,3
65,-1.4932083,-2.1623852,6
66,0.47563633,-0.41696206,6
67,0.6768898,-0.003121881,2
68,0.40109769,0.4078492,1
69,-1.5297022,-1.1366726,1
70,0.5716335,0.12154312,0
71,0.51238686,0.08707022,7
72,0.04700858,0.8318448,5
73,-1.3650179,-1.0870922,1
74,-2.643021,1.0106003,1
75,-0.25043216,0.92418176,9
76,-1.2235761,4.761293,5
77,-0.23912767,-0.18170221,7
78,-2.1569836,1.0180967,7
79,4.802971,0.665354,0
80,0.17664716,0.64500386,3
81,-0.567261,-0.20285125,1
82,-1.5736092,-0.83617294,8
83,0.87579596,-1.2559372,6
84,3.4479458,-4.4211793,2
85,0.025826937,0.7905922,1
86,-2.1789021,-1.3688915,7
87,-1.1059192,-0.7758535,4
88,2.7376645,-1.135189,0
89,0.47368708,-0.65194476,3
90,-0.00895686,1.1531837,1
91,0.45039135,-0.12387803,1
92,0.6573505,-0.81102943,3
93,-0.65064806,0.10546922,1
94,-0.5633593,-0.39811134,1
95,1.2345663,0.74497247,1
96,-0.9222481,0.12743814,1
97,-0.49992996,1.3062867,2
98,-0.051245466,-1.9255577,1
99,0.49350744,-0.49966154,8
100,0.7356721,-0.79987115,0
101,0.5172986,0.39818993,7
102,0.13186859,-1.900176,5
103,2.3856146,-1.3313984,1
104,0.61236227,-1.0764191,0
105,-0.48511502,0.26679996,8
106,-0.13908607,-1.0208039,4
107,0.12238439,-0.27111334,0
108,-4.6076574,0.071832284,1
109,0.37516275,-0.62304854,1
110,0.3577264,-3.0734904,3
111,-0.0699543,-0.808111,4
112,-0.6615354,0.45094505,7
113,0.22445928,0.09698197,9
114,0.11575883,-1.1631976,9
115,0.25756553,-1.3862765,6
116,-2.5963469,0.28151724,2
117,-0.34478226,1.1442728,5
118,-1.120815,-2.3222587,3
119,-0.3974223,-0.8605922,1
120,-0.33442655,-0.88940483,3
121,-0.106407486,-0.44289342,3
122,0.5208103,-7.11371,9
123,0.30900156,1.2689652,4
124,0.26042765,-0.84961164,6
125,1.3691112,1.2490094,4
126,2.966701,-2.410697,1
127,-0.14962064,-0.8253037,5
128,-3.5682397,0.5557437,8
129,2.1325119,-2.2164495,9
130,0.13969928,-0.027567334,9
131,-0.38647273,-0.044338185,4
132,-0.34152955,2.3200366,2
133,0.66367143,-0.6868156,6
134,-0.63552284,0.52849776,9
135,-0.7398772,-1.2825077,6
136,0.10011231,0.16795522,7
137,-0.48907796,1.3022616,7
138,-0.4148506,0.11505732,8
139,-0.9675913,-0.007982026,8
140,-0.70471925,0.020707276,4
141,-2.8562963,2.4546642,6
142,-0.22857726,0.41103283,3
143,0.90043855,-1.5528035,7
144,-0.4354774,0.25763032,3
145,1.973568,-1.1470138,8
146,-1.6948776,-1.9394684,6
147,0.65274364,3.7009258,2
148,-0.08742207,0.36394835,9
149,-0.8240257,-0.9923366,2
150,0.81320125,-5.71204,2
151,-0.62731,0.39217797,2
152,-0.4572704,0.55284685,4
153,4.8396306,3.9681585,2
154,-2.8754117,1.9534479,6
155,-0.0719142,-0.81364685,3
156,-2.1911778,-0.43408614,6
157,-5.0253415,-0.74577165,1
158,-6.6330633,-0.03301851,5
159,-0.5954264,1.3336742,4
160,-0.91981304,1.3346728,8
161,-0.65037626,0.46232772,8
162,-1.1805797,-0.5284759,8
163,-1.1854972,-0.49922144,1
164,-0.3784996,1.3752114,1
165,-0.9522571,-0.53124076,7
166,-1.0668572,0.9368738,8
167,0.75087917,0.5533902,0
168,-3.8102999,-1.5921015,6
169,-2.573835,-0.3912872,2
170,0.3216249,1.1658334,8
171,-0.83291656,1.1397696,9
172,-1.0584426,0.35899043,4
173,-0.10684571,-0.2979508,4
174,-1.0189753,0.02924856,8
175,0.6763478,4.092248,8
176,1.512076,0.50299966,4
177,0.70483565,0.5454882,9
178,0.28138316,-0.8089391,7
179,-1.5623171,-1.4395715,5
180,-0.030996788,0.18948998,4
181,0.18547356,0.016015885,3
182,5.583196,0.31334993,6
183,-3.5229933,0.9743408,5
184,-0.8269996,1.051478,0
185,-0.017112086,-0.48465562,6
186,-1.6112655,1.0295074,1
187,-1.1134182,1.9606812,1
188,0.24467625,2.1229777,2
189,-1.5756673,0.23639697,7
190,0.7740689,-0.19800569,3
191,-0.99653935,0.87344396,7
192,0.20868394,0.038473066,8
193,1.8083308,-1.3910522,5
194,-1.7873956,-1.2780879,6
195,-1.0148104,-0.20077936,7
196,1.159503,0.32701305,0
197,0.962903,0.60064685,0
198,-0.14672253,0.1293321,7
199,0.5732437,-4.543489,9
200,-1.9230604,-0.62213,5
201,0.6678549,-0.119351745,3
202,0.33966646,-0.8380341,8
203,0.6732968,0.622591,7
204,-1.8269329,0.5597572,8
205,-0.7421648,-0.3218653,8
206,-1.7107017,0.6447471,1
207,-0.151338,1.336803,1
208,0.5387834,-0.14192624,3
209,-0.9308771,-0.025993166,6
210,0.29566407,-0.5846145,2
211,1.4827867,-1.5143839,6
212,-0.33992186,1.020571,1
213,0.7205674,-0.77392215,9
214,-0.54037976,0.63348716,0
215,-0.0014019096,0.5253415,7
216,-1.059546,0.37915748,7
217,1.2737731,-0.23975065,7
218,0.012458978,0.68125206,0
219,0.60951465,-1.4709895,0
220,-0.26312923,-0.65292233,3
221,-0.4664536,-1.9381253,1
222,0.51803386,-0.202396,0
223,-0.83023155,-0.37772408,7
224,-1.3431994,0.33568612,5
225,-0.7841776,0.26382425,8
226,1.696947,-2.5447352,2
227,1.2330801,0.08014602,0
228,-0.3739549,-0.78926766,9
229,0.8634084,-1.6624324,4
230,-0.6150454,0.30145794,9
231,-1.8794476,1.4899626,3
232,-1.5470291,-0.77494735,6
233,-0.6004392,0.37535453,9
234,1.5641887,-1.1600673,5
235,0.24803206,-0.02254967,9
236,-0.81971866,-1.8696344,1
237,-1.9400934,-0.6041733,7
238,0.59651226,0.39406103,5
239,-0.7876712,-0.9519306,3
240,-1.4571581,-0.030932058,7
241,2.7435837,-1.6072989,2
242,-0.3565698,3.0973933,3
243,0.3757318,0.4953482,2
244,1.1558673,0.4843555,0
245,0.5025927,-0.26768723,6
246,-0.5296923,-0.20575373,7
247,0.07463716,-0.19061348,9
248,1.0078853,3.5092533,5
249,-1.139306,-0.22814947,9
250,-0.79397696,0.84730643,2
251,-2.0852191,-2.2287767,6
252,-1.1767505,1.8450469,4
253,-0.69787264,0.71171576,6
254,-0.9589587,1.07236,7
255,0.48050988,-1.3245795,6
256,-0.6751266,-0.22598116,1
257,-0.98163426,-0.09066102,1
258,1.3399827,-0.71855557,3
259,3.728187,2.9741101,4
260,0.8239947,3.1630664,3
261,-0.6125809,-0.2173148,1
262,1.6707852,-0.5764507,0
263,-0.8697607,-0.30595264,6
264,-0.07285731,-0.14616035,7
265,0.3013887,1.0192146,6
266,0.3386602,-0.43211368,3
267,-0.5129922,-0.5063074,7
268,-2.4966962,3.440254,5
269,0.35471728,-0.8803402,3
270,0.10899422,3.3101437,1
271,-0.44192973,-1.0685667,5
272,-0.35360926,0.20870383,3
273,-0.0976548,0.098617695,0
274,0.5969701,-0.40127924,7
275,2.775143,4.795923,2
276,-0.0166171,-1.3816184,9
277,0.06915993,0.76067287,7
278,1.3509034,0.09900157,9
279,-0.7509386,-1.1922868,6
280,-0.44360766,0.05030951,4
281,0.8851923,-0.49960586,0
282,-2.5683725,2.1421728,5
283,0.13860457,-0.32797393,1
284,-3.3455446,-0.3636948,1
285,-1.0876623,1.0444871,1
286,-0.30794185,1.3116316,7
287,-0.58877957,0.079366446,5
288,1.4970349,-0.5331462,7
289,-3.5604267,-2.3252416,0
290,0.9692735,-0.8246442,1
291,-0.65601474,1.2523371,2
292,0.72837025,0.52478904,3
293,-0.23220132,-1.242059,1
294,-0.14405125,-0.44197866,0
295,0.21500793,1.0205399,0
296,-0.54606044,0.6379023,9
297,0.10075965,0.13890958,8
298,-1.0513481,0.80590135,8
299,0.68655705,0.6855875,6
300,-0.8595549,-0.2643423,9
301,-0.9591114,0.4523226,4
302,-1.04568,0.09339327,8
303,0.28920987,-1.3350545,6
304,-1.9799185,-2.3432846,2
305,-0.7708983,-0.44648668,4
306,-6.1026196,0.98916036,1
307,1.1886382,0.15498751,0
308,-2.1380076,1.1305848,6
309,1.7888781,-0.5789036,8
310,-0.9654961,0.116108835,7
311,-0.47922766,0.45414358,4
312,-1.2140054,-1.9999015,8
313,-0.84903985,-1.4401075,9
314,-2.7677538,-1.0781238,8
315,-1.2169745,-1.575209,3
316,-1.461778,-2.4066906,6
317,-3.4563334,-1.5216749,3
318,0.1621504,1.594892,1
319,-1.1694132,1.1570777,3
320,-0.21544036,-0.1532506,7
321,1.2748264,-1.2699509,3
322,1.524087,-0.3158904,0
323,-0.63806075,0.92180514,0
324,-1.1879084,-0.29824767,7
325,-0.46937138,-0.29745603,9
326,-0.50399053,0.084933706,3
327,-2.2702088,-2.6162338,6
328,-2.3367171,-1.0453552,3
329,0.06511201,0.4685263,4
330,-0.6975826,-0.9704133,4
331,-0.4980632,1.8016629,8
332,-2.8614516,-2.2033758,4
333,-2.648471,-0.61474955,5
334,-0.98961335,0.09726675,9
335,0.6500076,0.9835333,4
336,-2.8572898,-1.2440814,2
337,0.91395617,3.2458394,1
338,0.63415915,0.75088775,3
339,-0.9589718,-0.25422317,1
340,-0.7731865,1.7781652,8
341,0.9750416,0.9611742,3
342,-2.2417476,-1.5439247,6
343,0.2122854,-0.94983256,9
344,-0.7262618,-2.1309843,3
345,-0.76919055,0.042066116,8
346,0.19645023,0.6706187,0
347,-3.560525,1.9098517,9
348,-0.0032446089,-0.41201204,4
349,-0.6648368,0.612974,7
350,-2.6889827,0.72298574,8
351,-0.006764397,-0.06726026,6
352,0.15274963,-1.0398542,7
353,-0.144565,0.44573894,9
354,1.9800309,0.65477526,3
355,-2.788637,0.8173128,4
356,-3.7967315,1.5224625,5
357,-6.9603567,0.33035606,1
358,0.6081274,0.09461662,6
359,0.9873581,2.182565,2
360,-1.9629112,4.2049613,7
361,-0.9514897,-0.20117845,4
362,1.0476615,2.089585,0
363,-0.5700378,0.46683654,9
364,-1.1307863,0.65737784,6
365,-1.3464485,-0.13371009,5
366,-0.59034127,1.1836759,5
367,-0.37528,0.4441069,5
368,-0.23178422,-0.36233547,5
369,-0.09074095,-0.73221415,4
370,-0.2961379,-1.3721782,7
371,-0.3033044,-2.1635828,9
372,0.52768713,-0.27647108,4
373,0.45429373,0.68737954,0
374,-1.7728279,-0.19286656,1
375,2.7258968,-1.4298657,2
376,-0.27206373,-2.7478073,8
377,1.2555345,0.98665464,2
378,0.09395142,-1.156714,8
379,-0.3189819,0.5020126,7
380,0.40540382,-0.8586717,6
381,-0.67945147,1.0110148,3
382,-0.9153654,-0.75113004,6
383,-0.64356124,0.1356277,7
384,0.65678656,-1.5662597,3
385,1.1453505,-1.9679356,8
386,0.380781,-0.22157492,6
387,0.5577298,0.36583748,0
388,-0.7128164,0.90790516,6
389,-0.68175125,-0.97843367,9
390,-0.1534483,0.2921205,5
391,0.8494957,0.2985887,6
392,-1.4062228,-0.811348,6
393,-0.99521214,-0.6086869,8
394,-0.011911242,0.0102023985,2
395,0.9677076,0.31391367,0
396,1.2140998,-1.0084672,9
397,2.0531774,-1.2949076,5
398,-1.6779423,-0.8116598,6
399,-0.5577385,-0.46850795,9
400,2.0965288,0.054152463,2
401,-0.52273834,0.6062098,4
402,-0.40416512,-3.1005116,1
403,-0.36288205,0.0015774333,2
404,1.2394245,-0.14144681,6
405,-0.76991284,-0.8040318,2
406,-0.11073573,0.9279044,1
407,-0.45543617,-0.8500972,3
408,-0.7648914,-0.3837414,5
409,-0.18798237,0.294803,9
410,-0.389952,0.500603,9
411,-0.4160855,-0.120884016,1
412,-0.5987414,0.0346144,4
413,0.6927767,0.17216763,4
414,0.38496763,-2.4756124,5
415,-0.46466333,-0.123402536,9
416,-0.40818265,1.4915274,8
417,0.012238848,0.041895308,9
418,-0.23625048,0.56308246,3
419,-1.0697463,-0.7956309,1
420,-1.6708,0.43209696,1
421,0.23406367,0.31307495,4
422,-0.11850519,-0.81577057,9
423,3.2591367,-0.5501132,6
424,-5.2219706,-1.7582887,5
425,-1.6187786,-0.3752882,1
426,-1.1411076,-0.8578696,9
427,0.37301427,0.026013857,0
428,0.3337103,-2.64679,3
429,2.4314346,2.8285604,0
430,0.3782709,0.24478653,3
431,1.6062275,0.21337467,0
432,0.97465605,1.2460325,4
433,-0.31191042,-1.8600705,1
434,-1.0379727,0.27961075,3
435,-0.3526392,-0.40856242,3
436,-0.047564637,0.6921497,6
437,0.10793485,-0.05718219,4
438,0.4170363,-0.98214877,4
439,-0.7705622,-0.6148998,5
440,0.15388878,0.8845623,2
441,-0.007566809,0.42448056,3
442,1.699244,-0.33433467,0
443,-0.48187554,-0.916576,5
444,-1.2146504,0.32814866,8
445,-1.0686401,0.4234161,7
446,-1.4658635,-0.44630498,7
447,0.5410582,1.4922299,9
448,-0.75554425,1.2728144,2
449,0.6718205,-0.6264526,0
450,-0.5127876,-2.5258439,6
451,0.78084725,-0.12935393,3
452,-0.5949512,1.0098834,1
453,1.3046305,-0.09543298,9
454,-0.8285099,-0.5462863,2
455,-3.444229,1.2722012,8
456,3.27288,2.4177473,0
457,0.2991916,0.21870837,0
458,-3.3845828,-2.6063676,2
459,1.5839272,4.1390367,2
460,0.838632,-2.9655333,2
461,0.6563348,-0.70320654,5
462,-0.18102767,0.7908856,7
463,-0.3185372,-1.1943595,4
464,-0.60872185,0.7700452,1
465,-0.11094258,-1.3958435,3
466,-0.2595649,1.4582781,9
467,-1.1234642,0.26564464,9
468,0.49313474,0.23062734,4
469,0.027289508,-0.08342327,2
470,0.2673777,-1.2906114,5
471,-0.92598057,0.37624484,4
472,-0.35457534,0.6061447,0
473,4.494642,0.3245194,0
474,0.7417418,-0.08060495,5
475,0.5145217,-1.2654191,1
476,-1.0558425,1.3677115,1
477,-0.19546874,-0.577332,8
478,1.7132658,-0.3503743,0
479,-0.92381483,0.10207285,7
480,0.075683735,1.0094016,1
481,0.00907892,-0.42111462,8
482,-0.86679924,1.8931416,2
483,0.17801712,0.9440652,2
484,2.0488122,0.59899366,6
485,-0.46334717,-1.0289183,2
486,1.097541,0.2576183,3
487,-0.8928194,-0.02564309,2
488,-0.9268292,0.14714804,7
489,-0.7236578,0.11993036,9
490,-3.4073641,0.78787,8
491,-0.99655634,1.2998563,5
492,0.029857969,0.83401585,6
493,-0.046425644,-0.35381466,8
494,3.1942446,-1.2430292,6
495,0.2626622,1.7534245,5
496,1.1957786,0.08449394,3
497,-0.6247348,0.39906144,9
498,-0.23014812,-0.28724283,3
499,2.0707011,0.77181625,6
500,-0.4124147,0.2027057,1
501,-0.7514072,0.4236342,0
502,-0.72561973,-0.98193866,1
503,0.3682907,-0.3192698,6
504,-0.110867314,0.88289106,2
505,-1.4870023,-0.48048982,6
506,-1.2076113,0.6818414,7
507,1.6280268,1.2960045,0
508,-2.0148406,1.1023155,4
509,-0.9914456,-1.3171636,9
510,0.5603132,-2.8581507,5
511,0.87778604,-1.1957519,4
512,0.25819272,-1.4366602,4
513,-0.68324584,-0.9397509,1
514,-1.8621839,-0.9467643,2
515,-0.85926354,1.036239,6
516,0.611274,-0.6342979,7
517,-1.4432138,1.4225088,5
518,-3.2468853,-0.73786753,5
519,-1.7030452,0.112853035,1
520,-0.5435782,0.54875916,1
521,0.10578525,-0.13000675,3
522,-0.098124124,0.39969322,5
523,-0.8372213,3.0084321,5
524,0.47657028,0.12004855,3
525,0.06984252,-0.5204053,0
526,-0.25334412,-1.2873847,7
527,0.024782412,-1.5972522,4
528,-1.4641123,-0.31231847,4
529,-0.4784075,0.74172145,4
530,0.16250975,-0.029238889,5
531,0.35429648,-0.64739037,0
532,-0.6045068,0.8216811,7
533,-0.05730914,-2.3324993,8
534,0.58608955,0.53263664,7
535,0.5897068,0.060085244,0
536,-0.14827545,-0.27578148,1
537,3.3463218,1.7285178,2
538,0.108596146,-2.0836704,8
539,1.829495,-2.3817472,6
540,-0.14900883,0.5921838,7
541,1.1223382,1.5555986,1
542,-2.8051093,2.1910608,2
543,0.02414018,0.16464879,6
544,-0.9193742,0.5779023,9
545,-0.055175036,0.95163983,7
546,0.40933815,-3.472272,9
547,0.3691032,-2.9818559,1
548,-0.5744525,0.016072154,2
549,-0.2646609,-0.6161661,1
550,-0.71352106,-0.967781,4
551,-0.6437425,-0.17806946,4
552,-2.7212894,-0.55375063,1
553,-0.03816832,-1.3291088,3
554,0.5276138,-0.2538745,2
555,0.6910899,0.21145405,4
556,1.1431329,-1.0807006,7
557,0.8652598,-0.82057387,7
558,0.2135377,0.41979173,3
559,0.7149927,-0.05011892,5
560,-1.2988476,-1.113693,7
561,0.4300156,0.70791304,0
562,-0.22656162,-0.6992196,3
563,1.7308277,0.3079128,4
564,-0.25560713,1.2020978,4
565,-0.12747493,-0.19293025,7
566,0.15604192,0.4593712,7
567,0.20278253,-0.466708,4
568,0.19092622,-1.301113,5
569,0.44336033,1.2892247,2
570,1.7207314,-0.477009,9
571,0.40929434,-0.061335333,3
572,-0.023035796,0.49828577,6
573,-1.7825801,0.41535598,8
574,2.9214094,-2.2898536,4
575,0.14497691,-0.024270035,2
576,-0.52772975,-0.5380183,1
577,-2.9784803,1.0855383,8
578,0.50839925,2.5815618,2
579,-0.08666968,-0.18380241,4
580,-0.5172655,-0.0093559455,9
581,1.0507119,0.27313712,1
582,-0.7597297,-0.104322195,7
583,2.5407403,-1.0833213,5
584,-0.7494813,-0.33293352,7
585,1.2395899,0.42548773,3
586,-1.0875754,2.5642366,1
587,-0.77373177,0.29474497,9
588,-0.80261904,-1.9196792,6
589,-0.7308366,-0.5995103,7
590,-0.14791462,-0.65623915,6
591,-0.8646844,-0.24482654,9
592,0.19084825,-1.0880398,0
593,-1.1299511,-0.14602822,6
594,-1.4322556,0.4372395,5
595,0.7511987,0.55331266,0
596,-0.11085815,-0.35693967,0
597,-1.1415523,-0.31371048,5
598,0.061488535,-1.1723104,6
599,-0.16702765,0.0468251,7
600,-0.4521152,-1.756826,4
601,0.8340546,-0.82780635,3
602,-0.3939356,-0.30037886,4
603,-1.8876216,-2.5293093,5
604,-6.0665946,-0.8378703,2
605,-0.9324415,-0.75658506,1
606,1.3441485,-0.6268655,9
607,0.6233775,-1.907101,6
608,-0.40009165,1.068478,4
609,3.9179406,-0.34006897,0
610,2.2469604,1.7515608,0
611,0.8682794,0.02594845,0
612,-2.6549442,-0.3879433,6
613,-0.08466583,-1.8892395,3
614,-1.1857113,0.33627006,5
615,-1.3648131,2.9103363,9
616,-0.54368305,0.24633595,1
617,-0.12176601,-0.69827163,2
618,-2.3707275,-1.6754794,4
619,-2.9665458,-3.8874283,4
620,-0.17968036,1.5152398,8
621,-0.0690484,-1.0005913,4
622,-0.35251096,0.55490357,1
623,-0.78118324,-0.55142206,7
624,-0.41247416,0.087405846,1
625,1.3104899,-0.7122025,2
626,-0.11128174,1.9316123,3
627,-0.18476315,0.62312,0
628,0.6625414,0.084722035,3
629,0.13395058,0.50347465,4
630,-0.48284647,0.8705622,1
631,-0.5980137,0.89819485,9
632,-0.9634163,-0.4716636,1
633,-2.3877382,0.45148975,8
634,0.23309201,-0.8369539,7
635,0.5838666,0.9869903,0
636,-2.1798186,-0.40501866,6
637,1.7841907,1.6324927,0
638,-1.9269211,-1.2488912,5
639,-2.6433232,0.46649688,6
640,-1.833934,-0.89955854,6
641,1.0261037,-0.19099262,6
642,-0.8761442,0.13155656,7
643,-1.7881615,-0.49436954,8
644,0.6508487,-0.37033328,6
645,-0.58537775,0.22084673,3
646,-0.48053303,-0.16132435,3
647,-0.70557964,0.0359777,0
648,-1.3533462,0.8065718,5
649,0.62587637,-0.24857092,8
650,-0.8296438,1.1721165,4
651,-2.4210887,1.0248864,1
652,-0.68533975,0.4099454,8
653,-0.060984187,0.41049418,0
654,-0.2562071,-0.50666845,8
655,-1.6981252,-0.38834134,1
656,-0.9716279,-0.58078563,1
657,0.8782404,-0.10631834,0
658,-0.8418933,0.6475557,3
659,5.3750024,4.107129,0
660,1.2169784,0.6610888,0
661,1.3307544,0.44722092,8
662,-0.09731199,-2.7808478,0
663,-0.3242035,0.33369657,5
664,0.062929355,-0.079273924,3
665,-0.6292497,-1.5732862,9
666,0.528428,-0.9485498,6
667,-0.5480136,-0.12143018,9
668,-2.2180007,1.9536101,5
669,-1.4985361,-0.87496924,7
670,-0.503824,-0.3083758,8
671,-0.78175306,0.080881245,8
672,-0.18845037,2.9823453,1
673,1.0244473,0.11888386,0
674,-1.5780814,0.18149391,1
675,-1.1351122,-0.25364766,8
676,2.2897353,-1.170809,0
677,-1.9969579,-1.3161782,1
678,1.5161983,2.5165498,6
679,4.0677443,4.179336,2
680,0.5097818,-1.3212984,6
681,-0.32958072,-0.37417075,9
682,0.096286304,0.22897293,5
683,1.9519856,1.8496436,9
684,0.81820554,0.503971,7
685,-3.8136039,0.19892436,4
686,-0.7597658,0.6994631,7
687,-3.8172278,0.6353143,1
688,-1.6270568,0.17483616,5
689,0.26262942,0.63528264,7
690,0.17862508,0.45657343,7
691,0.02127192,-1.7918693,1
692,-0.77510923,0.75709164,8
693,-0.94695467,-5.5809865,5
694,0.90750396,-0.47280917,0
695,0.55423045,-0.32787576,3
696,0.48694685,-1.6750492,3
697,5.0791593,2.7679894,6
698,-0.5023447,-0.34505856,8
699,-0.6587929,0.7013945,8
700,-0.27628604,0.8212836,7
701,-0.107237935,1.3592255,8
702,0.030571895,-0.53447324,3
703,1.1463342,-0.7602236,6
704,-4.240659,-2.8453498,7
705,1.3374759,0.41441557,0
706,0.6521426,0.6849906,8
707,1.5252452,0.96264815,0
708,-0.9016749,0.22673666,7
709,-0.88679093,-0.08470247,9
710,2.3459826,1.196938,1
711,-0.7936647,-0.57323664,1
712,0.16242465,0.7545508,0
713,0.46241558,-2.5020635,8
714,-0.80203104,-2.191109,6
715,-0.33452216,0.6236467,5
716,-1.5433265,1.4090089,7
717,0.6043455,-1.8267788,5
718,-2.9226706,-1.7224697,8
719,-3.1425595,0.17943169,5
720,0.85728747,-0.5928202,2
721,-0.45145583,-0.63217616,4
722,-3.761277,-0.41598922,2
723,-0.9524188,2.0523407,8
724,0.19972236,-0.43430546,8
725,-1.2904371,-0.7721866,3
726,-0.5702691,0.14279926,4
727,-1.0221301,-0.29951617,2
728,0.63232386,0.42404115,0
729,1.2599667,0.1785887,0
730,1.7319552,-1.6685963,2
731,-0.4413727,-0.13494347,2
732,-0.41577253,-1.4564176,8
733,-1.0080185,0.69809276,7
734,-0.6459201,-0.13418984,7
735,0.0019795848,-0.45773202,4
736,-0.33112854,0.5279968,5
737,0.5007188,0.21025619,3
738,-0.24514447,-0.032359432,6
739,3.6319392,-2.9207754,4
740,-0.18370032,-0.57118803,7
741,0.6000281,1.073891,8
742,-0.22986595,1.2673972,0
743,0.32753557,-0.73170215,0
744,1.9414946,0.50177485,1
745,2.1940084,-1.6057357,1
746,-0.22948356,1.0272672,6
747,-0.28498814,0.5669353,7
748,-0.34168872,-0.6269738,2
749,-0.739965,-0.19273104,2
750,-0.52771676,-0.39590386,8
751,-1.3209608,0.7301491,6
752,-2.025005,-2.9517405,4
753,1.5358607,-1.6765598,9
754,1.8238446,0.46402812,2
755,-1.2072297,-0.028779019,7
756,-3.588614,-2.01955,4
757,-1.8845607,1.7347723,1
758,-0.19557647,0.3623666,4
759,0.47539008,-0.10725245,4
760,3.068325,-2.0477767,3
761,-0.18540768,-0.4865469,9
762,-1.6510904,0.019146644,1
763,-0.14461309,0.9526025,2
764,-0.32052982,1.7573428,2
765,1.1496582,1.1795825,5
766,1.1764982,-0.057277642,0
767,0.623539,-1.3700662,5
768,0.2562657,0.28509498,6
769,0.6705906,0.9422123,4
770,1.1423846,-0.36956078,2
771,-0.05876419,0.33117005,7
772,-1.2872933,0.4227452,6
773,-3.800338,-0.95574147,5
774,-0.20076914,0.5891279,8
775,-0.68651885,1.194222,9
776,-1.4207561,-0.86994934,3
777,-0.071885794,0.95556015,3
778,0.8272941,-0.6907926,3
779,-0.41750482,0.22424814,0
780,0.7026668,-0.027676694,0
781,-0.083013766,0.43449402,8
782,1.6028241,1.2320236,6
783,-0.92730695,-0.59849495,0
784,0.7432295,-0.59032065,3
785,-0.32210407,-0.9675238,9
786,-0.37309766,2.154186,2
787,-0.16854115,0.29622048,7
788,0.83005744,-0.46504855,6
789,-0.9466843,0.4819843,1
790,1.5492874,0.5347468,5
791,-0.58010155,-1.0952744,5
792,0.0729349,0.1399012,5
793,-0.3940929,-0.07020384,6
794,-0.333963,0.47299203,2
795,0.009068206,-0.42134845,8
796,-0.07933185,-0.4204641,4
797,-0.50445676,0.085091755,3
798,0.7187245,-0.24224266,3
799,0.38376227,-0.15595168,6
800,10.59801,-2.223592,2
801,-0.49884403,-0.34177202,0
802,-2.0406973,-0.17095055,3
803,0.23866741,-0.17104787,4
804,0.13572364,-1.0279925,3
805,-0.009941295,-0.14269516,6
806,-0.6170727,0.6651948,8
807,-0.31842965,0.5890721,0
808,-2.1615124,-0.6385373,7
809,-0.4344689,1.9754466,0
810,-0.25746763,0.86579025,0
811,-0.9891386,-0.8929486,8
812,0.95256203,0.30040228,0
813,-0.44715273,-0.79368854,5
814,-0.3625746,0.00450557,4
815,-0.62038493,0.18763499,4
816,0.6518749,-0.2652891,4
817,-0.38855562,-0.8515701,9
818,-0.21296948,-0.75450665,9
819,1.8641926,-1.1766794,6
820,-0.42504022,-1.0806508,4
821,0.53176737,0.8525144,3
822,-2.1082013,-2.1887825,8
823,0.077158816,0.72861767,2
824,-1.606821,-0.7814206,4
825,-2.4152248,1.1692102,4
826,2.6095169,0.2679851,0
827,-1.6523567,-1.2041061,6
828,-0.76532656,1.4966624,1
829,-0.7706473,2.0697503,5
830,-0.2794685,-1.924451,1
831,-0.091084026,-1.327824,9
832,-0.32422587,0.3337101,5
833,-0.44618598,0.13698527,9
834,-1.0582155,0.9225998,1
835,0.25759774,-0.17351568,6
836,-3.6644006,-0.10736249,1
837,-0.34009826,-0.7689692,0
838,-0.66317725,0.9006848,1
839,-1.1373419,2.0696597,7
840,1.3015425,-0.3809032,6
841,-1.3211564,0.37116885,1
842,0.69357437,0.394616,6
843,0.13140075,-0.617164,2
844,-1.0209074,-0.3602119,2
845,1.7632345,-0.576395,0
846,0.044732668,1.2330552,7
847,0.13045844,-0.18229148,1
848,0.35496193,-0.05584552,7
849,1.0019447,-1.3730141,9
850,-0.17142624,-0.06199193,6
851,0.009094573,-1.1763215,7
852,-1.0963025,0.14268848,5
853,-0.11509911,0.5661928,8
854,-0.9348167,-0.26922512,8
855,-0.6769543,0.55922663,2
856,3.5113554,-5.764841,3
857,0.29910013,-0.605476,4
858,-2.7067847,-1.8392442,1
859,0.6990898,0.059724223,6
860,-2.7472134,1.1311747,1
861,-0.046723403,1.5427988,2
862,-0.54309565,0.801526,1
863,-0.8738912,-0.79605037,5
864,0.19617073,-0.55880076,5
865,-6.1965876,-0.14423534,1
866,-0.27672905,0.19823797,4
867,-1.5449747,-1.645863,6
868,-0.6209403,-0.410327,1
869,-1.1763109,-1.0304984,1
870,-0.68185055,-2.2090929,9
871,-0.2389883,-0.7314083,7
872,1.3979133,-0.9938246,1
873,-1.2667019,-0.17804189,1
874,-1.2269543,-0.7015725,4
875,-0.8049354,0.22667778,1
876,-1.2358454,0.04023704,6
877,-0.20215788,1.2739869,0
878,-0.35634714,-1.3006092,5
879,-0.43920958,-0.2539149,9
880,0.32856885,-1.6623328,8
881,0.40347746,-0.17081359,5
882,-0.75231373,0.21645351,4
883,1.4005882,0.13475576,0
884,-0.95642424,-1.3139578,1
885,-0.5856124,0.80875754,6
886,-0.34731948,0.79226947,7
887,-0.5458486,-0.22580755,1
888,-0.9887877,-1.7153461,5
889,0.63952386,-0.28177884,4
890,-1.1404662,-1.846962,6
891,-1.6588496,-0.8213679,2
892,-2.0713477,2.315406,1
893,0.27938578,-0.058583606,5
894,-1.8193449,-1.1730186,4
895,1.0443741,-0.9949605,6
896,0.024044866,-0.10147781,8
897,2.0096292,3.4970686,7
898,-0.9496698,-0.69510394,5
899,2.4438262,-1.7699221,2
900,1.1757975,-0.22289447,3
901,0.23069935,0.701523,0
902,-0.71721804,-0.4171653,9
903,-0.58306086,-0.45600998,6
904,0.607654,1.0115447,1
905,-0.5423044,2.9072337,0
906,-0.4927718,3.0076125,5
907,5.7139134,2.351145,6
908,0.6726396,0.22933955,3
909,-0.7948711,-0.4666112,7
910,0.40109515,-0.055736963,3
911,-1.3171185,0.77095276,2
912,-1.2101938,-0.43598107,7
913,-0.45777926,-0.8730287,9
914,-1.1204863,0.07602295,1
915,-1.1560119,-0.4151563,1
916,-1.3774731,-3.4370196,8
917,0.06688,1.0317135,4
918,-1.4497988,-1.4794254,2
919,-0.53716356,0.582822,7
920,0.8254144,-1.4866637,4
921,-0.4072768,1.1438191,5
922,1.6862638,1.0856476,6
923,-0.77410406,0.8397417,3
924,0.477704,0.48694727,3
925,-1.0014389,-0.17176495,2
926,0.13704368,0.3086858,7
927,0.2200085,-0.16397837,3
928,-1.2905645,-0.43545118,4
929,-0.7276632,0.09910413,2
930,-0.41518828,-0.7328376,0
931,0.054258604,0.71647775,3
932,-3.0284133,0.8512226,6
933,-0.9509412,0.74789125,9
934,-0.13024929,-0.9280273,2
935,0.168304,-0.8874358,3
936,-0.5191076,3.155063,8
937,-0.3332201,-1.8600495,1
938,1.591381,-1.120949,0
939,0.35676733,-4.9017315,1
940,-2.515108,1.2224456,7
941,1.433246,-0.44734332,4
942,-4.1704435,2.1667738,2
943,-0.2956613,-1.1853834,8
944,-1.6908141,-0.5309917,1
945,1.2420076,-2.2636292,1
946,-0.05000377,-1.4017196,0
947,2.9156015,-3.140962,5
948,-0.3640436,-0.09738082,1
949,1.1203389,-1.785397,9
950,1.2198687,1.0987616,6
951,-0.1475611,-1.01161,3
952,0.45870888,-0.17533034,5
953,-0.4338504,-2.2714455,9
954,-1.08499,1.3166835,7
955,-0.41884196,1.805266,0
956,-0.6793811,1.3327436,8
957,-3.842244,-0.13120012,1
958,-2.2899725,-0.42994574,8
959,0.45590404,0.045467984,7
960,-2.8810706,-0.2609842,1
961,0.3804935,-2.2084243,6
962,0.7702787,-1.8967593,6
963,1.0001516,0.9026093,0
964,-5.250861,2.1930718,2
965,-0.0027979454,-0.5740913,3
966,-0.29112706,0.9301399,8
967,0.26246467,-2.305652,8
968,1.0406753,-0.6662521,7
969,0.5180209,0.80893016,0
970,0.701832,-0.40810594,3
971,-2.4995983,-2.0109246,3
972,-0.8427865,-0.4824196,1
973,0.7325277,-0.5589999,7
974,-0.6137113,-0.026635468,1
975,-0.2609273,-1.0586005,4
976,-1.000498,0.121772066,6
977,-1.002586,-1.5705649,6
978,-0.5246564,0.043902036,3
979,-0.50591594,0.84310144,1
980,-0.5807535,-0.12519296,1
981,0.35571125,0.28014717,3
982,0.3299423,0.6513192,3
983,-0.42078608,1.2047918,7
984,-0.7332479,0.0055021164,4
985,-0.27609488,-0.57332194,7
986,-2.0540926,2.2852435,5
987,-0.9933893,0.56830525,0
988,0.20926896,2.2450106,2
989,-0.4043985,0.06217482,3
990,-0.40554687,-0.04779957,9
991,-4.3055916,1.8584453,1
992,-0.29431176,1.1233578,4
993,-0.7729778,-0.12302913,9
994,-1.4479,-0.99271524,5
995,1.0199622,-0.63408685,6
996,-1.471007,2.974455,8
997,-1.4118097,-0.7499442,8
998,0.13857752,0.14774852,6
999,0.54134387,0.24806933,9
1000,1.196426,0.19764732,0
1001,-0.4942869,1.1835037,8
1002,-1.0295185,0.7119594,1
1003,-1.2838606,-0.16268261,8
1004,0.57724464,-0.92494905,3
1005,-0.43043503,0.32217425,8
1006,-0.5834491,-0.6783123,9
1007,-3.866112,0.36012867,8
1008,-0.27476007,-1.0646282,1
1009,1.1541587,1.9834614,2
1010,-0.27506527,-1.824817,1
1011,-0.111665376,0.04458398,6
1012,-1.7338239,0.23344141,4
1013,-1.2786641,-0.21581812,9
1014,-0.043176133,-0.6912406,7
1015,-0.5602397,-0.037437893,7
1016,-0.65213424,0.21972345,3
1017,-2.579187,0.44432464,6
1018,2.072652,0.77530813,0
1019,0.330732,-0.44569287,1
1020,-1.5627998,1.0776397,0
1021,-0.09120374,-0.39103383,3
1022,-1.2004685,-0.33410615,7
1023,0.034287855,-0.6100681,3
1024,-0.40501645,0.5118694,8
1025,1.5030016,0.4830007,1
1026,0.20695876,-0.9267561,3
1027,-1.3810247,1.1883013,8
1028,-0.7183656,-1.4815854,6
1029,0.41114196,-2.3341236,2
1030,0.24545439,-0.5716689,0
1031,-0.50481296,-1.3550503,9
1032,-0.21348743,-0.057974767,4
1033,-2.8601682,-1.064533,1
1034,0.39831203,0.22255689,2
1035,-3.200851,1.2421254,8
1036,0.37798962,0.37489578,7
1037,-1.0658346,0.4072195,8
1038,0.5161751,-0.025371982,3
1039,-0.640976,0.597872,4
1040,-0.18178065,0.04123896,4
1041,2.5615647,-1.3953139,0
1042,-1.0006,-0.049391817,7
1043,-0.8662781,1.2534362,2
1044,-0.6057451,0.02958879,9
1045,0.90100676,0.16915904,3
1046,0.94713175,-0.2248701,2
1047,2.4772964,0.9018913,0
1048,-0.557203,1.2569373,6
1049,1.0903689,-3.8435738,5
1050,-2.2387655,0.79631484,5
1051,0.10808674,1.8346148,1
1052,-0.22485213,-0.04697597,8
1053,-1.3737432,-0.5989839,5
1054,0.38553566,-0.051130876,5
1055,1.2419114,-0.69477636,8
1056,-0.031332843,0.6755864,8
1057,-1.5517303,-1.0263709,7
1058,-2.8949423,-0.12557296,0
1059,0.11633338,0.13543403,8
1060,-1.0471233,0.3452627,7
1061,-0.064140856,0.839872,3
1062,-0.5108225,-2.0498066,4
1063,-3.4810553,0.6656991,1
1064,2.0076587,-1.9369061,3
1065,0.21897165,0.607339,0
1066,0.07237356,0.7616722,0
1067,1.2962223,0.4041828,0
1068,1.1683584,0.12817484,8
1069,0.7896307,-0.61933255,0
1070,-0.10963238,0.48593497,3
1071,0.56275374,-1.1631193,7
1072,-0.13914151,0.28766206,5
1073,-5.956613,2.8002388,5
1074,-0.07731161,-0.14171204,8
1075,0.7276516,-0.35571823,0
1076,-1.7718245,-0.21667305,7
1077,-0.19451696,-0.2458469,5
1078,0.05373472,-1.0978336,4
1079,0.27141678,0.54426956,4
1080,0.6072343,-0.5257896,0
1081,1.3676559,-0.005109136,4
1082,-2.6675997,-0.012033679,2
1083,0.62831676,1.178622,0
1084,0.14972949,-0.4278466,6
1085,-0.19029658,-0.9781133,3
1086,-0.6742707,-0.06110136,7
1087,-1.4788948,0.040622413,7
1088,0.02798447,0.18732522,4
1089,-1.0204014,0.13069467,7
1090,-0.67377687,-1.1806124,7
1091,3.0321777,0.8361293,0
1092,0.3031082,0.40808916,2
1093,-0.66442835,-0.48328796,2
1094,-3.9346638,0.7072308,2
1095,0.7689708,0.3209061,0
1096,1.1898931,-0.8205784,6
1097,0.8706552,-0.2689196,6
1098,-0.7796304,-0.14356299,8
1099,-0.5018323,0.15075096,4
1100,-2.1490765,-0.06949147,6
1101,1.3892113,0.39770186,7
1102,1.3583094,-0.22525121,6
1103,-0.35791954,-0.09526732,7
1104,0.17462017,-0.56322545,3
1105,1.0089544,-0.4046917,3
1106,3.4806092,0.317505,9
1107,1.3093122,-1.0694145,3
1108,-0.9794668,-1.4241111,3
1109,-0.2527136,0.4302479,2
1110,-2.916208,0.047489643,3
1111,0.7013469,1.0348518,0
1112,0.0023760428,-0.712606,9
1113,0.37875482,0.69381714,9
1114,-0.5535159,0.020969259,5
1115,-1.4317167,0.66805875,7
1116,0.7960704,-0.7736469,0
1117,-1.5973067,-0.03462532,3
1118,1.8123039,1.072749,0
1119,0.40562832,1.2476097,0
1120,-0.74906564,-1.0422904,6
1121,0.53038776,0.7969476,4
1122,1.4456084,2.2453392,2
1123,0.09700629,-0.5094896,3
1124,-1.3229005,0.94323653,7
1125,0.040832326,0.26296023,9
1126,1.4539062,0.6409525,0
1127,0.3160367,1.0190191,2
1128,-0.36236143,0.24428266,4
1129,-0.8640928,-0.9169394,1
1130,-0.29131818,-0.527708,0
1131,-0.41278166,-1.421435,8
1132,-1.5914091,-3.0039663,2
1133,-0.18189457,0.8867026,9
1134,-0.15760887,-0.82258,3
1135,-1.0131845,-1.526884,4
1136,1.6712581,0.0027667845,0
1137,0.03624322,0.7248488,8
1138,-0.21507747,0.5273976,1
1139,-2.080614,1.0491433,8
1140,0.3650629,-1.2173526,4
1141,-0.21861808,-4.115146,2
1142,-1.4178573,-1.1290677,5
1143,0.9955088,0.08746339,4
1144,1.6845165,-0.5442549,3
1145,-0.5211134,-1.335866,4
1146,3.4350846,0.5151241,2
1147,0.65198576,-1.1176137,6
1148,-1.0284328,1.13329,8
1149,2.924708,1.2834554,0
1150,-0.4715867,0.0553727,9
1151,0.43088752,0.39641455,3
1152,0.063246764,0.2775796,2
1153,-1.0293895,1.188828,1
1154,0.3271853,0.50408185,9
1155,-0.36887345,-0.20016807,3
1156,-1.8677143,1.4469626,2
1157,-4.2174106,-1.3960708,5
1158,1.8310901,1.2531439,0
1159,-0.015799219,-0.79670626,4
1160,-2.7395864,0.47665244,7
1161,-2.6555705,-0.464768,8
1162,-0.50633484,2.6258142,8
1163,1.122978,-0.14733003,0
1164,-1.2983866,-0.24322133,8
1165,-0.13275538,0.3517935,7
1166,1.90151,-1.2428037,4
1167,-0.55217654,1.8844047,7
1168,0.64417994,-0.8624846,3
1169,1.887862,0.23788954,4
1170,-2.0660985,-1.3361429,1
1171,0.0021389239,2.1682246,6
1172,-1.1287762,-0.3246927,7
1173,0.6650709,-0.44180855,8
1174,0.30305958,-0.14694051,0
1175,0.5159799,-2.4390852,5
1176,-2.4536755,0.88995314,8
1177,-1.095775,1.3813868,5
1178,0.41757962,-1.2512643,8
1179,-0.7683964,0.5482181,7
1180,-0.41148132,-1.8182434,2
1181,-0.9864686,2.0322711,7
1182,0.5068914,-1.0219115,4
1183,1.2867373,-0.45873225,3
1184,0.44675377,-0.13203235,9
1185,0.37785766,0.24471064,3
1186,-0.13595296,-0.5004891,9
1187,0.05970968,-0.5176749,8
1188,-1.2528932,0.86952394,8
1189,-0.4989936,-0.3735258,1
1190,-0.78372663,0.7531199,1
1191,0.9248599,-0.8741272,0
1192,-0.19894366,0.055711333,4
1193,-1.3992398,-0.33958367,8
1194,-2.0500214,0.6678567,2
1195,1.2369119,1.9948412,6
1196,0.6653064,-0.038622424,5
1197,-0.8455574,0.29245493,5
1198,-0.3813595,0.2365962,0
1199,-3.4643874,-0.46759307,8
1200,-0.7294468,0.9349991,8
1201,-0.27545622,-0.07449865,3
1202,-0.671972,-0.47435018,7
1203,-0.51496977,-0.79587847,1
1204,-1.7043622,-0.5857752,1
1205,0.2343842,1.6417131,2
1206,0.6355234,-1.3093464,3
1207,-0.5046689,-0.2486955,9
1208,1.0674388,-0.65969837,3
1209,2.1730475,-0.30667457,2
1210,0.24156846,0.5975261,6
1211,-5.843012,-3.682053,4
1212,-0.292726,-0.6013725,2
1213,0.26393726,-0.9764363,3
1214,-0.03611152,0.5220351,6
1215,-2.8650737,-0.44829896,2
1216,0.61138195,-0.63407123,7
1217,-3.1018023,0.19469707,8
1218,0.26478577,0.73602206,9
1219,0.66529775,-0.38283753,9
1220,0.9878886,-0.35580915,0
1221,-1.1438999,0.36266962,7
1222,0.61630607,-1.3323004,3
1223,0.93812907,-0.03144829,8
1224,-6.691707,4.1749506,5
1225,-1.5525233,-0.7347231,2
1226,-0.88005626,-0.17216115,3
1227,-0.52590734,-0.45746145,9
1228,-0.44238466,0.12055717,4
1229,0.30745414,-1.0784445,9
1230,-1.5753803,-2.5505488,8
1231,2.0075085,-1.9368222,3
1232,1.447809,-1.5999591,4
1233,0.40437412,-0.44678292,9
1234,-1.6853638,-1.12896,1
1235,-0.7956051,-1.0924333,7
1236,-1.0843682,1.2134607,5
1237,-1.2993042,0.6942338,4
1238,-2.4370801,-3.6305015,2
1239,2.4245648,-1.3348513,2
1240,-0.59044087,0.046005435,5
1241,1.7780225,1.0331138,4
1242,-1.5308428,0.78855443,2
1243,-2.3245628,-1.5102007,1
1244,1.1617775,0.75521046,3
1245,-1.3657207,-0.7752845,1
1246,-2.7264752,-1.6152264,2
1247,-0.7852305,0.7056823,4
1248,-0.7009091,0.850384,8
1249,1.9412068,-4.1410427,3
1250,0.19380085,0.22243133,5
1251,-0.14137359,0.49390465,2
1252,-0.061017822,0.63116765,9
1253,0.2974984,-0.9977403,3
1254,0.057373438,0.23381785,1
1255,0.7692076,-0.028016442,7
1256,0.13499267,2.1331892,8
1257,-1.1622297,-0.29331028,5
1258,0.5218656,-0.0598521,6
1259,-1.0179594,0.32553926,5
1260,1.1951138,-1.4071679,7
1261,0.45600072,0.31330746,0
1262,0.3135718,-0.26290256,0
1263,1.4575201,-1.0259141,4
1264,-1.3513799,0.31823766,5
1265,-0.035272118,0.7355721,9
1266,1.8863307,-1.3635423,0
1267,0.25141904,-2.0593064,6
1268,-0.9903074,2.1085227,4
1269,-0.10456578,0.020831121,9
1270,-0.20508425,0.32398283,1
1271,0.24409941,0.8477699,4
1272,0.65430564,-0.63880885,0
1273,0.08937079,0.9409655,3
1274,-2.5311713,-1.338406,2
1275,-0.53640586,-1.2013042,9
1276,-0.5269459,-0.2226948,8
1277,0.8745078,-1.2911705,4
1278,0.6323105,0.50292426,4
1279,-0.7873987,1.5207102,5
1280,0.317423,0.44174564,0
1281,-1.9478518,-0.9723461,3
1282,0.68244654,0.43925682,3
1283,-2.1251605,1.4028755,7
1284,-1.0147109,0.014062745,2
1285,-0.44334263,1.5969167,2
1286,0.19780818,2.6234915,1
1287,-1.8748875,2.2015214,5
1288,-0.046113983,0.5111436,0
1289,0.37340656,1.2871714,4
1290,-1.1417267,-0.00794898,7
1291,-0.554207,0.7646671,8
1292,-0.37564427,-0.6206899,3
1293,-2.2885263,-2.8140728,4
1294,-1.1468004,-0.02176107,7
1295,-1.1158657,-0.99938685,1
1296,-0.6677667,-0.82631826,8
1297,0.5226747,-1.9439523,4
1298,1.751538,-1.4281423,3
1299,0.31338173,-1.1204995,6
1300,-2.7439232,1.4503771,3
1301,1.709458,0.2513647,0
1302,-0.55865777,-0.3233635,8
1303,-0.15229529,-0.47887802,4
1304,-2.1983156,-0.19563733,2
1305,-0.022341032,0.5697519,0
1306,-1.552515,1.4152317,0
1307,0.80291337,2.2588868,0
1308,0.65963763,-0.6512207,6
1309,-0.3996109,-0.1782001,9
1310,-0.33402798,1.0154307,2
1311,0.123875715,-0.9258981,8
1312,-1.6069287,-0.16022316,1
1313,-0.071532786,0.6999535,9
1314,1.0608709,-1.82433,9
1315,-0.5415708,-0.28169662,7
1316,-0.1911257,1.4207441,8
1317,0.85267675,-2.9355679,4
1318,-0.67318296,0.9301217,4
1319,5.3495007,-3.2483866,2
1320,-0.2859282,1.0932841,1
1321,1.1606908,-3.354272,2
1322,-0.004994456,0.95168114,0
1323,-0.44546664,1.2195902,4
1324,0.24843866,-0.61993325,6
1325,-0.14210682,0.061345037,3
1326,0.61821175,0.63654613,0
1327,-0.6982613,0.09016562,6
1328,2.1475933,-0.35008633,0
1329,-0.9262509,-0.37710044,2
1330,-0.188695,0.3137042,9
1331,0.88707685,-0.35684976,3
1332,-0.50320196,0.8567473,0
1333,1.4448419,-1.0570602,6
1334,-0.59011626,-0.18306467,6
1335,0.7864428,0.08644653,0
1336,-0.82633734,0.24179094,0
1337,-1.4567678,-1.6711671,2
1338,-2.877122,0.9278943,2
1339,-1.829267,0.11053233,8
1340,-0.8764491,-0.28552097,1
1341,-0.71924746,0.5442662,8
1342,-3.4242995,-0.77875483,2
1343,-2.608653,-1.3438653,4
1344,-1.713571,0.72745526,5
1345,0.9164059,-0.69571376,3
1346,0.21140334,2.1061993,2
1347,-2.5369294,0.47623247,8
1348,0.67471534,-0.23164593,7
1349,0.54878366,-0.41917157,3
1350,1.5999236,1.1332299,2
1351,-0.9712286,-0.3789756,7
1352,0.031058468,-1.7595532,1
1353,-0.31302875,0.13690285,8
1354,-0.01883295,0.14605981,3
1355,0.2255325,-0.74154794,8
1356,-1.975662,0.102152936,1
1357,0.94065964,-0.17583954,4
1358,-0.6852985,0.40994757,8
1359,2.200346,-2.120598,2
1360,0.43132764,1.1501825,0
1361,-0.41884497,-0.5645617,7
1362,-2.8701155,2.6838865,6
1363,-0.21058343,1.5936004,8
1364,4.632655,1.9810208,2
1365,-0.21766533,-0.26094675,3
1366,-1.3511028,-1.5141113,4
1367,-0.8111827,0.98450494,7
1368,0.22680771,-1.4119623,4
1369,-1.5914139,-0.7409618,3
1370,1.3446892,0.6472755,4
1371,-0.19740617,-0.30090034,8
1372,-0.166367,-0.29304844,9
1373,-1.1485482,-0.8908671,3
1374,-0.49840873,3.6843739,7
1375,-0.73913455,1.3684804,1
1376,0.7334232,-1.0679569,4
1377,-0.0070288605,-0.50930154,7
1378,-0.196873,1.4261321,1
1379,-1.0749362,0.09348008,9
1380,1.417439,0.7831528,3
1381,0.05703466,1.402855,4
1382,-0.8142494,0.36038527,9
1383,0.43390852,-0.31136927,7
1384,-4.9242916,-1.4725704,1
1385,-1.1069039,-2.54566,1
1386,-0.16791832,-0.6741159,5
1387,0.06006123,0.3927708,4
1388,-1.6469632,0.20576355,1
1389,-1.2696545,0.6168324,8
1390,-0.23778848,0.82775074,5
1391,-2.4639485,-0.8793691,6
1392,-1.8872705,0.80228126,8
1393,-1.7101132,-1.0761366,6
1394,0.83660525,-0.85108924,1
1395,0.33465278,0.9985421,0
1396,0.39314145,0.6799547,0
1397,-0.1416747,0.6856912,6
1398,-1.0379078,1.6756374,2
1399,3.373951,5.8572507,5
1400,-2.2477114,0.66992533,1
1401,-0.14756276,0.051501952,5
1402,-4.372158,0.9252927,4
1403,-0.6013473,-2.70842,1
1404,-0.39354354,0.7682291,7
1405,-0.049097713,-1.3780423,7
1406,-0.09956294,-0.56163025,5
1407,0.3200161,0.6465555,3
1408,1.4238898,-0.73688626,9
1409,-0.44781804,0.12620674,5
1410,-1.8051034,1.1059614,1
1411,0.09688923,0.18189478,3
1412,-0.0369402,1.7025825,0
1413,-0.4670631,0.08540363,5
1414,-0.79186416,-2.4002647,0
1415,0.29879448,-0.23090315,8
1416,-4.887495,0.7154328,1
1417,-0.9284498,0.88687396,8
1418,0.44951764,-1.7424355,0
1419,-0.9610379,1.7043864,2
1420,2.150188,-0.49465156,0
1421,0.9552463,-0.42249233,6
1422,0.9333962,0.101217814,3
1423,0.42904073,-0.34108776,6
1424,-0.6418012,1.8801059,8
1425,-0.3820873,0.36527237,9
1426,0.16483313,2.0412757,7
1427,-0.40859082,0.25684324,9
1428,0.14716959,-0.095605485,6
1429,-0.07815578,0.075732104,0
1430,1.6837401,-1.8817601,4
1431,-0.17690139,-0.3246152,9
1432,-1.2821665,-0.20334995,9
1433,-0.62234545,0.0023172076,4
1434,-0.0030765212,-0.7641883,3
1435,-0.6582871,-1.2026203,9
1436,0.2699227,-0.47740003,7
1437,-0.6553649,0.15917006,7
1438,0.0045895004,-0.3825154,9
1439,2.0329368,0.502121,6
1440,-0.096104786,1.1757466,3
1441,0.7408269,0.32164177,0
1442,0.15782316,2.537328,5
1443,0.2831786,-0.22482118,0
1444,-0.6310903,0.21166937,1
1445,-1.8862821,-1.3366072,7
1446,-0.9055877,-0.4188897,2
1447,-0.100784734,-0.6838124,1
1448,3.0670836,-0.079759605,8
1449,-1.7470433,-0.09537668,2
1450,0.01775697,-0.07922211,6
1451,-2.4347043,0.31730148,1
1452,0.7363366,1.4383508,3
1453,0.012960834,-0.33518335,8
1454,0.446855,-0.95269984,3
1455,-1.4408513,-1.1933262,1
1456,0.59464693,0.39289767,5
1457,-0.68492377,0.0012343414,9
1458,0.7896406,-0.6193241,0
1459,-1.1004989,0.16283943,1
1460,-0.28849953,-0.1449583,8
1461,-1.1806775,-0.3558048,5
1462,-0.50490487,0.36067197,7
1463,-2.0154047,8.771727,5
1464,-4.1949553,2.2341785,2
1465,-0.8012843,2.8753865,5
1466,0.87836397,1.005377,4
1467,1.2746084,0.61179036,0
1468,0.24528666,-0.32923266,1
1469,-1.289696,-1.8875285,9
1470,7.0828004,-1.9402138,6
1471,-1.5385181,-3.9619293,1
1472,1.3759495,-1.0551889,6
1473,0.13825147,-0.29974467,9
1474,-1.1205031,-0.0009001828,7
1475,0.083711445,-0.099123165,5
1476,-0.023461679,-0.2441645,3
1477,-0.37869936,0.44607654,3
1478,-1.1554747,-0.20873037,6
1479,-0.49981475,-0.45665807,3
1480,-0.11579204,-2.4467366,6
1481,-0.32947943,0.6018018,9
1482,-0.67895776,-1.7591298,8
1483,-0.06555798,-1.1489183,9
1484,2.0029812,-0.16126256,6
1485,-0.41474077,0.2516103,2
1486,-1.2686503,-0.5347604,9
1487,-1.0303562,1.9484496,5
1488,-3.15868,0.096431606,1
1489,-0.43989417,-0.60397416,6
1490,0.40568426,1.2475652,0
1491,0.5293531,-0.019975947,3
1492,0.59093887,-0.34989986,8
1493,2.217463,-0.5979852,4
1494,-1.27603,0.37246922,7
1495,-3.001726,2.104351,8
1496,-1.0903885,-0.69889516,2
1497,1.8077234,1.8700439,0
1498,-2.163767,2.7947824,5
1499,-1.6547128,1.3102229,1
1500,0.27213788,-0.51097494,9
1501,-0.07108613,-0.21174838,3
1502,0.2280859,-0.04354664,3
1503,0.7392532,-0.7512356,2
1504,-1.2182117,-0.7508141,6
1505,-0.8496799,0.035473034,1
1506,-0.87058574,0.1777827,1
1507,-0.41518563,-0.7328338,0
1508,-0.6352134,-0.029550659,4
1509,3.0729275,-0.7895398,0
1510,-0.6022902,-0.32349706,9
1511,-0.33493963,-2.6391506,9
1512,-0.345236,0.084235765,1
1513,-0.08843194,2.1128037,7
1514,-2.482149,0.22612482,1
1515,2.8397002,-4.217862,3
1516,-0.368642,-0.42192298,9
1517,0.56993574,0.046197377,8
1518,-0.45811343,-0.8728625,9
1519,-0.47046524,-0.6873837,4
1520,0.5824239,0.096084334,7
1521,-0.7014586,0.18702531,0
1522,-1.9583347,-2.0242755,2
1523,0.2158611,0.10642479,3
1524,-1.1538159,1.3961251,8
1525,-0.26018226,-1.6330944,4
1526,-4.795078,-0.77695394,5
1527,0.5144141,0.23982717,3
1528,-0.28761756,-0.07945563,8
1529,0.12793538,0.8589572,8
1530,-0.97830445,0.9610713,9
1531,-4.339431,1.940497,1
1532,0.7570883,-0.3434058,0
1533,0.17018537,1.2823249,1
1534,-0.119061664,-0.23786055,4
1535,-0.52500206,0.40384507,8
1536,-0.8208238,-0.19178058,7
1537,0.19420397,0.07198293,4
1538,0.22065456,0.3373989,3
1539,1.2766749,-2.2837012,2
1540,-1.43052,0.16885248,6
1541,-3.1329808,0.8049198,1
1542,-2.775055,-0.11528956,8
1543,1.1875596,-1.3937254,5
1544,-2.27932,0.5763195,4
1545,0.11071651,-1.3973341,4
1546,0.0856394,1.3743025,4
1547,0.559841,-0.69562316,6
1548,-0.24273793,0.12322299,9
1549,-1.348925,1.1689129,8
1550,1.0467452,0.17472991,0
1551,3.1616554,1.7511597,0
1552,0.92744637,-0.09291005,3
1553,-1.7165551,0.09540813,2
1554,-0.49168786,0.020953706,8
1555,-3.2053816,-0.7224254,5
1556,-1.2254236,0.49094778,2
1557,-0.7903841,-0.8434993,8
1558,0.1277422,-1.2269602,4
1559,1.2381451,2.1978283,8
1560,1.1781299,1.6220696,5
1561,-0.38689405,-0.23453514,8
1562,-1.1721419,-1.0591601,3
1563,-0.47552958,0.054109637,5
1564,1.3497183,-0.207317,9
1565,-0.9336175,2.0202484,9
1566,-0.15437172,0.62241703,3
1567,-4.2946424,-0.593847,1
1568,1.1779988,0.04340324,0
1569,-0.45209137,0.7480137,3
1570,0.019587653,0.4862487,2
1571,0.31790465,0.19977564,3
1572,-3.3684852,3.16816,5
1573,-1.7250179,0.018645223,1
1574,-0.61683077,-1.3905487,0
1575,-1.4949181,0.35280216,8
1576,3.1443257,-2.4691992,1
1577,1.8105875,1.680045,6
1578,-0.124958396,-0.7763914,9
1579,-0.8591316,1.0360683,6
1580,0.25066647,2.929684,2
1581,2.0236425,-0.20518151,0
1582,-0.96705806,-0.6486014,8
1583,-1.3868881,1.3712143,2
1584,-0.8895296,0.2520846,9
1585,-1.4627607,0.43013087,7
1586,0.21308216,-0.13385591,7
1587,1.4798363,0.69127595,1
1588,0.52631086,-1.2199051,4
1589,0.15796876,0.115258984,3
1590,0.32650566,0.8547788,7
1591,0.48385286,1.250882,0
1592,-2.7775338,-2.4845161,2
1593,0.044830766,1.207214,0
1594,-1.564596,-0.014081708,8
1595,-0.09930395,-0.13298066,3
1596,-0.79540014,-0.61271775,1
1597,0.011897634,-0.99179727,6
1598,-0.293198,-0.4828145,9
1599,-0.4210647,0.44286168,6
1600,1.6257603,0.027627017,1
1601,-0.8585467,0.21217512,8
1602,-1.0289478,0.18885933,1
1603,-0.39204994,1.2363135,6
1604,1.3160267,-0.28559673,6
1605,-3.560512,-2.3257518,0
1606,-0.16200264,0.15827872,8
1607,0.4828331,0.27413923,9
1608,6.6946707,3.7482326,0
1609,0.37971586,0.8844576,6
1610,-0.071101025,-0.79401416,4
1611,-0.5950594,0.19506852,8
1612,0.14714113,-0.09591936,6
1613,-0.1417816,-0.07393117,7
1614,1.821762,-2.1762552,3
1615,0.24820584,-1.0504946,5
1616,3.7799656,1.3001498,2
1617,-2.9472675,-1.6997546,6
1618,-1.0403895,-0.56205285,1
1619,0.30989292,0.6216705,1
1620,-0.7943928,1.4169239,0
1621,1.1225665,-0.403388,7
1622,0.36316836,0.01371247,9
1623,-0.9594343,-0.29891396,7
1624,-1.3734262,1.1105,7
1625,-0.45218694,3.8125587,5
1626,-0.6661054,0.59362954,9
1627,-0.50672066,-1.587438,9
1628,-1.3541821,-1.2007775,6
1629,0.81531477,1.619472,7
1630,-0.09266143,-0.48560968,8
1631,0.7014008,0.30902854,0
1632,-0.34480116,0.46443605,2
1633,-0.663437,0.25883228,9
1634,-0.15704066,-0.15875553,2
1635,-0.14524008,0.37569985,7
1636,-0.12353655,-0.07880691,1
1637,-0.04136819,-0.70285916,7
1638,-0.6302612,0.97719806,1
1639,1.081956,-1.372949,5
1640,-0.11485955,-0.19735967,9
1641,0.0380676,-0.8143316,5
1642,-0.27914426,1.7612702,0
1643,-1.2352922,0.040212438,6
1644,-0.7855388,0.5367307,7
1645,0.7208837,-2.92567,9
1646,2.2588289,1.9489839,0
1647,-2.7459006,-0.3646941,7
1648,-1.55528,0.22531377,7
1649,-0.43585947,0.36326385,5
1650,0.3473765,1.1998006,0
1651,0.40145674,-0.5721342,4
1652,-3.3214705,-3.888354,2
1653,0.093822286,0.30265477,4
1654,0.23902434,0.2338018,7
1655,2.235166,-4.133164,6
1656,-0.9102122,1.8669728,4
1657,0.84582907,-0.03297157,2
1658,-0.12919834,2.0749705,4
1659,0.5829023,1.7357681,2
1660,-1.4288764,0.9524096,3
1661,0.3715022,-1.7214824,3
1662,-0.049129285,-1.3780682,7
1663,-0.9043136,0.16293895,2
1664,0.7873184,2.2143705,6
1665,-2.605282,5.1794367,5
1666,-0.2755892,-1.6284957,4
1667,-0.7485761,0.7018044,7
1668,-0.7705835,-0.61490226,5
1669,0.78034943,-1.1041532,5
1670,0.01357427,-1.1042571,3
1671,-0.37433803,0.9954416,9
1672,-0.5527914,0.7419282,7
1673,-0.60149616,-2.1074855,1
1674,-1.6234852,0.7022527,7
1675,1.0572498,0.26090443,6
1676,2.9527872,1.7443737,7
1677,1.5502101,-3.9672248,6
1678,5.9556847,-0.87727237,2
1679,-0.17566411,-0.6358136,7
1680,1.9554485,2.0638602,0
1681,0.2547177,-1.0735683,9
1682,0.95551366,-0.42260164,6
1683,0.1726733,-0.090146,7
1684,-0.88883376,0.5118158,9
1685,-1.4002548,-0.51066154,9
1686,1.1828552,1.2208714,4
1687,-0.73436457,-1.3464185,4
1688,-0.91125536,0.34301826,1
1689,0.7406964,-0.548588,0
1690,0.18646872,-0.886166,4
1691,-0.5797616,1.1001323,4
1692,0.69503844,0.7115259,1
1693,-0.70179045,-0.8305906,3
1694,-0.8173128,0.8032684,2
1695,-0.70841384,-0.52890736,1
1696,1.038375,-0.9035773,9
1697,0.24658169,1.0021572,7
1698,-0.07801369,-1.5241774,9
1699,-2.3738253,-1.9626703,6
1700,2.268993,-3.0668263,5
1701,-0.27085397,-0.5946442,7
1702,0.9249399,0.8472931,0
1703,0.34943157,-0.117659755,8
1704,-2.002691,2.9389668,5
1705,0.15959308,-0.5635955,8
1706,-1.8595339,-0.75947624,8
1707,-0.5738497,1.8302438,8
1708,-0.93638736,0.8577897,4
1709,0.08887136,2.1703293,1
1710,0.23350899,-1.0576093,5
1711,-3.2332556,-0.8643312,2
1712,-2.8808162,0.36933044,5
1713,-1.4085093,0.6548337,4
1714,0.3507034,0.89136976,2
1715,-0.085543916,-0.6341494,2
1716,0.45929888,1.2869024,9
1717,-1.2387619,1.3739723,4
1718,0.44903716,0.9306877,4
1719,-2.063105,-0.06709717,8
1720,4.614368,0.057174288,0
1721,-0.6062712,0.53109866,6
1722,0.50983,-1.465532,7
1723,2.1519585,-0.7574255,0
1724,0.5935822,-0.2679241,5
1725,0.60533816,0.53626955,1
1726,1.1555604,-0.15727465,2
1727,2.9543467,-0.9018427,2
1728,0.29725996,-2.9597776,2
1729,-0.23813024,-0.1259266,8
1730,-2.3622482,-0.60174125,7
1731,-0.6964917,-0.33002564,2
1732,0.0627917,-0.19074962,9
1733,0.2581953,0.33515012,3
1734,0.61445713,1.1852139,2
1735,-1.9958255,-0.4582753,6
1736,-2.0554314,0.70667,8
1737,-0.32980263,0.077356406,7
1738,-0.85713685,0.29109603,7
1739,0.10401898,-0.64521104,3
1740,1.375988,-1.0551292,6
1741,-0.3904531,-0.96796805,5
1742,-1.3872267,1.1605871,1
1743,0.3213153,-0.8011196,9
1744,1.1941612,0.112716824,3
1745,-2.1518447,0.5680266,1
1746,-0.13002798,-0.75855315,9
1747,0.3807824,-0.2518858,1
1748,-0.35442233,-0.98082167,9
1749,-1.5363646,0.22546908,6
1750,-1.179812,1.2246372,1
1751,0.46457332,0.7953521,4
1752,1.2687857,0.55842555,4
1753,-0.7963998,0.23035061,9
1754,0.8764386,-1.1722134,5
1755,-0.5590526,-1.4311719,1
1756,0.020401401,0.5985277,9
1757,0.9993382,-1.2081937,3
1758,0.4682729,-0.23876543,3
1759,-0.6769039,1.6175227,8
1760,-1.8481961,0.2976757,2
1761,0.33717382,0.4897081,4
1762,0.29785183,-0.008982865,3
1763,1.3446478,0.6472121,4
1764,-0.41949007,0.20081127,8
1765,0.93940455,-0.59739953,2
1766,0.43847048,2.5548463,8
1767,-3.1371984,-2.3658857,8
1768,-1.6946418,-1.3685535,7
1769,-1.0466797,-0.11609217,5
1770,-0.7020742,2.2419224,1
1771,0.47430673,0.17421523,4
1772,-0.40407395,0.20328338,7
1773,-0.39203602,1.2363267,6
1774,-0.8910007,0.39480063,4
1775,3.543287,5.2572813,8
1776,-0.27642074,0.8321161,2
1777,0.22815618,0.88285726,2
1778,-1.0283895,0.79547125,8
1779,-0.50516236,-0.70176,4
1780,-0.8592665,-0.4761172,5
1781,0.14001241,-1.1344811,5
1782,0.35434714,-0.57530427,8
1783,-3.0879533,0.6284017,3
1784,-0.51346296,-2.5291758,6
1785,0.5373887,0.3118882,2
1786,-0.89439464,-0.41544172,7
1787,0.20524333,0.17902967,0
1788,-0.32980052,-1.7878973,1
1789,-0.110854,-0.883409,8
1790,-0.5490995,0.69669396,2
1791,0.23358554,0.85785633,2
1792,-0.7330811,0.046140447,1
1793,0.24997209,-1.0028785,9
1794,-0.8929933,-0.5634151,8
1795,-0.24838884,0.82159704,6
1796,0.20704791,0.0022360445,4
1797,-0.22745667,-0.5078163,3
1798,-0.11465723,0.22583443,1
1799,0.52768767,-0.011966927,3
1800,0.18885694,0.1293298,6
1801,0.2809946,-0.5699025,1
1802,-0.86996025,0.59596914,7
1803,0.48029074,0.4494403,2
1804,-1.6908954,-0.1998892,9
1805,-0.053474285,0.5566392,7
1806,-0.70416087,-1.5858117,9
1807,-1.2508909,0.13009241,5
1808,0.30411586,0.23746447,3
1809,-0.41832396,-0.88543886,4
1810,-0.14147708,0.6337432,3
1811,-1.2421566,0.9481943,8
1812,-0.46351856,-0.06595063,3
1813,-0.479118,-5.12619,2
1814,-2.4421911,0.8507412,1
1815,-0.7574487,-1.3473502,9
1816,-0.8607526,0.19144924,9
1817,0.67982215,0.33893758,6
1818,-0.030927468,0.8106792,6
1819,-4.9505186,-1.3777461,8
1820,0.42905852,0.1504388,5
1821,-1.0348686,-0.6772457,1
1822,0.35502496,-1.5155866,2
1823,0.815376,0.0005819152,8
1824,0.07451995,-0.26291928,3
1825,2.9226167,0.041520722,2
1826,-0.87144196,-0.023669645,1
1827,2.3087392,-0.5912413,6
1828,0.03314834,0.058559734,6
1829,-0.4372476,-0.4352376,1
1830,-0.5556061,1.8370267,5
1831,1.2084594,1.2252543,4
1832,2.1810858,-0.26925164,4
1833,1.8056378,-0.8927017,0
1834,-0.49192178,3.0267844,1
1835,-1.0704056,0.55536443,4
1836,-0.6970232,-0.113257796,8
1837,-0.479335,2.2172818,1
1838,0.5506599,0.4300153,7
1839,-0.9355407,0.9669365,2
1840,2.8941946,-0.24357228,0
1841,-1.0177501,-1.0464542,7
1842,0.644686,-1.6387511,0
1843,1.5580633,0.1586202,0
1844,-3.0794535,-4.079171,2
1845,-3.0423338,0.51612496,4
1846,0.44531453,-0.047542904,1
1847,0.5922917,-1.3275064,9
1848,-3.694612,-1.3653682,3
1849,-0.7695816,-0.50972134,7
1850,-0.8540716,-2.61408,5
1851,-0.75582373,0.30489063,5
1852,0.28089067,0.42031565,3
1853,-0.5286581,-0.5873026,2
1854,-1.0305172,0.57523644,8
1855,-0.14870574,0.7447726,8
1856,-0.030173654,1.5280312,2
1857,-0.75504804,-0.14593416,1
1858,-0.22809006,-0.75306463,8
1859,-0.057355534,0.9039752,7
1860,-0.43955907,0.05457865,4
1861,-1.7050037,-1.8897642,3
1862,0.9463542,0.070343904,0
1863,1.0510066,0.20250826,0
1864,0.015702901,-0.45880273,9
1865,2.0380917,-3.235607,5
1866,0.43518022,-2.1419108,6
1867,-0.56549674,-0.66938716,6
1868,-0.4847069,0.40939218,0
1869,-0.79448134,0.36346647,1
1870,-0.070556045,1.6131883,8
1871,0.64101434,0.39886886,8
1872,0.026396817,-0.08021391,1
1873,-0.45834333,-1.2503778,4
1874,0.957918,0.1256389,2
1875,0.13882184,-0.97768885,5
1876,0.045016292,-3.1408148,9
1877,0.57810014,-0.64263684,3
1878,-1.5101234,0.017585685,4
1879,-1.02223,3.3112276,5
1880,-0.6459284,-1.2523155,7
1881,-1.535741,-0.19668686,1
1882,-2.0301883,-0.4256854,1
1883,-0.21938242,-0.09096199,7
1884,-0.9401363,-0.003086572,7
1885,-1.6468176,2.4564455,6
1886,-4.2371736,-1.8080441,6
1887,1.0594211,0.06162721,0
1888,0.5040313,-0.6561458,4
1889,0.05053545,-0.63592696,4
1890,1.2875191,-0.46736133,0
1891,-0.68525827,-0.8462376,9
1892,0.7297712,1.4873884,4
1893,0.23179357,0.57339996,7
1894,0.7223524,-0.73786306,9
1895,-0.61733687,-1.1266599,2
1896,-0.36972243,-0.15550429,2
1897,-1.8371518,0.5701058,8
1898,-1.3690652,-0.5816213,5
1899,-0.62192535,-0.9444867,4
1900,-0.9132916,1.3875228,7
1901,-2.0003245,-0.7928186,1
1902,-1.5996908,1.5937109,9
1903,-0.25385612,-0.061037973,0
1904,0.20797792,1.7840308,9
1905,-0.8396052,-0.382087,6
1906,-1.1474121,0.19181561,2
1907,-1.5288038,0.3879478,7
1908,-0.48611647,0.12980542,5
1909,-0.49502745,2.1423323,9
1910,1.9600778,-0.79119635,2
1911,0.9222761,0.20077787,1
1912,-1.4888387,0.40951216,4
1913,-0.52007693,-1.0394136,1
1914,1.364497,2.2737892,5
1915,-0.22247167,-0.37817037,2
1916,-0.6590687,-1.1930822,9
1917,-0.46461192,-0.86255795,1
1918,-0.71641797,-0.83874476,1
1919,1.235472,2.306377,7
1920,-0.5476676,0.603721,1
1921,-0.0056163776,-0.7246044,7
1922,-0.3236631,0.28169024,9
1923,-0.3427997,0.81661975,8
1924,0.029586738,-0.5391711,3
1925,0.7589709,0.88986677,1
1926,0.980863,-0.80375326,5
1927,2.1099727,0.2093509,4
1928,0.39301234,0.4648553,0
1929,0.3198618,-0.71349674,3
1930,1.2940173,-0.87269205,5
1931,-0.2384806,-1.2073107,1
1932,0.8654767,-0.37922618,5
1933,1.3634853,-0.87574744,5
1934,1.2677605,-0.3789974,5
1935,0.052264728,-0.4978093,1
1936,1.6851422,-1.607194,5
1937,0.10221486,-0.55602294,4
1938,-0.71519107,-0.4396036,3
1939,0.7451027,1.1547261,3
1940,-0.04172359,0.2461834,7
1941,-0.46580988,1.3606589,8
1942,-1.4548078,-2.2835577,4
1943,-0.627704,0.40431634,6
1944,2.3899465,0.1521524,0
1945,-0.37290618,-0.45385328,4
1946,0.48965177,0.68584365,3
1947,-1.150015,0.54533464,4
1948,4.0243855,-0.8056995,6
1949,0.9001775,2.3287795,2
1950,-0.21581912,-0.092650905,5
1951,-1.3315531,-0.99399304,4
1952,0.3609133,0.47830808,4
1953,0.8058896,0.67018706,0
1954,-4.8387904,1.0561557,8
1955,2.514105,-1.3885287,0
1956,-0.048373427,-0.51012284,8
1957,-0.2443958,-1.0464618,3
1958,-0.3728415,-2.392246,6
1959,0.41775727,0.4524633,0
1960,-0.7314815,0.49077013,1
1961,-2.8505092,-1.6046462,5
1962,-0.030566562,-0.53997993,0
1963,-0.23017302,-0.34974003,0
1964,-1.2060027,2.1829598,1
1965,-0.6087897,0.6456448,2
1966,0.59952587,-0.9483922,7
1967,0.21403714,0.9934638,7
1968,0.024411725,-0.5073179,9
1969,0.0802403,-0.27898493,9
1970,-0.35402653,-0.52766216,9
1971,1.9519275,-4.806751,2
1972,0.41503343,-0.28704923,4
1973,1.5961924,-0.017164355,3
1974,-1.9810184,2.3253334,5
1975,1.017248,-0.6364902,9
1976,1.0366837,-0.30881175,5
1977,1.4185774,-0.42037007,2
1978,-3.47071,-1.216016,3
1979,0.24042459,0.72930175,0
1980,1.0958351,-1.8355165,9
1981,-0.43494147,-0.17576957,3
1982,-3.842845,1.840553,6
1983,0.24759988,-0.059658594,4
1984,-0.99290663,1.0582325,8
1985,-0.1869389,1.8942204,1
1986,1.4008727,0.72782934,1
1987,0.16230936,0.51952434,3
1988,-0.8972777,0.5441281,1
1989,0.40538415,-0.85883355,6
1990,3.945552,-3.3256853,2
1991,1.0204877,1.4724377,0
1992,-0.44930592,-0.058136582,2
1993,-0.4113094,-0.4717663,4
1994,-1.9966751,-1.316507,1
1995,-0.6831636,0.641071,4
1996,-1.8218029,-0.52433044,6
1997,-0.5797264,-0.8159126,1
1998,-0.22154868,-0.57975924,2
1999,-0.9244787,0.09427279,7
2000,0.07545228,0.08799276,3
2001,-0.40249604,-0.030325323,1
2002,-1.3841553,1.1166705,8
2003,0.7555641,0.4525506,4
2004,-0.5579731,-1.3970541,9
2005,1.9412239,0.5018345,1
2006,-4.004368,-0.851399,5
2007,-3.4442735,0.17528377,1
2008,0.19633871,-0.035117954,4
2009,-0.25289866,1.8075191,2
2010,-0.4522907,-0.08451799,7
2011,-0.1264558,-2.1953576,4
2012,-0.23447524,0.65761286,6
2013,2.2619355,2.8245876,2
2014,-0.18631329,-0.0016197411,8
2015,-0.3929088,0.103373796,7
2016,-0.17748044,0.4290468,2
2017,0.65195453,1.3530034,0
2018,-0.53742427,0.58267057,7
2019,2.1085956,-0.8137745,2
2020,-1.4471502,-0.28734937,9
2021,2.041656,1.6693789,4
2022,1.8777151,1.4824795,1
2023,0.50993216,-1.7804062,9
2024,1.5512708,-0.5941122,7
2025,-1.8875171,0.9201232,6
2026,0.23820159,-0.13687949,9
2027,0.1875164,0.7405343,0
2028,0.19209826,0.0859406,7
2029,0.6128674,-0.3851623,3
2030,-1.4946941,-1.9258753,8
2031,0.989951,-0.10005682,4
2032,-0.040395755,-1.0535885,2
2033,0.9390475,3.1027105,5
2034,-0.4541925,0.84467036,4
2035,0.63611686,0.19065519,0
2036,0.1792137,0.83812344,4
2037,-0.42709813,0.32745937,7
2038,-5.3497634,-0.4161557,8
2039,0.26492253,-0.04402835,4
2040,1.5462006,-1.1128626,5
2041,2.2571118,-0.8486354,0
2042,0.18495604,0.7756549,9
2043,-0.14418936,-0.14043935,7
2044,-0.42925906,0.51067424,5
2045,-2.0388708,-1.6942396,6
2046,3.0410447,-0.29945412,6
2047,3.2600596,0.2988064,9
2048,1.9010186,-1.5006975,9
2049,-4.705819,1.5354818,3
2050,-0.6649907,-0.33459613,8
2051,-0.08660806,0.01921002,1
2052,0.5222251,-0.5263143,5
2053,0.16424796,-1.6614583,5
2054,-2.1711137,-3.3427083,1
2055,-2.4654834,-0.06781464,8
2056,-0.20461951,-0.083589114,5
2057,-0.1365882,0.28828388,8
2058,1.0224544,-0.50962275,3
2059,3.5861523,2.9388385,7
2060,1.4918083,0.8598545,7
2061,0.42641106,-0.13115841,8
2062,0.211455,1.193655,3
2063,-0.45904273,-0.45076174,4
2064,-0.11380651,-0.1108364,3
2065,0.09444847,-0.8161199,8
2066,6.2013683,-0.2736819,9
2067,0.50630164,-1.1862644,4
2068,-0.9961573,-0.07099776,6
2069,0.7926366,-0.4367821,5
2070,0.48935086,-0.28916925,5
2071,-0.63791484,0.32483718,6
2072,-0.008761937,-0.21624346,2
2073,-0.8430343,-0.30341488,3
2074,-1.0057839,-0.022933953,7
2075,-1.0860276,1.2995983,7
2076,-0.70971,0.8928068,8
2077,1.6106081,0.812967,1
2078,0.5404111,-2.0407372,6
2079,0.9113763,0.17251168,7
2080,-1.0433502,-0.29606724,1
2081,-0.19883403,0.05592064,4
2082,1.3071625,0.65801203,6
2083,-4.978418,-1.1539661,2
2084,0.5917699,-0.9327309,0
2085,0.8765872,0.632655,0
2086,1.2811922,-2.4597497,0
2087,-3.4571054,-1.6387124,6
2088,-1.232958,0.55229783,4
2089,-6.9605803,0.3302977,1
2090,0.5548286,-1.2575897,0
2091,0.19842042,-0.29933408,5
2092,-2.9935024,-0.7150601,8
2093,1.7073545,-3.0381877,2
2094,-0.28160578,-0.38356814,3
2095,-2.7957673,-2.2851212,4
2096,-0.17714791,-0.636239,8
2097,2.3114424,-4.2648444,3
2098,0.011917299,0.08881975,9
2099,-2.8482692,0.6188782,8
2100,1.5964521,-2.238425,6
2101,0.38856566,-0.38640898,7
2102,-2.0896177,0.19861008,2
2103,-2.804213,2.5842156,3
2104,0.61573666,0.057549313,3
2105,0.5091748,1.5754424,8
2106,0.6553198,-0.15897408,3
2107,0.8783268,0.52993107,9
2108,-1.432981,-1.0892587,5
2109,0.31000572,0.4669671,0
2110,-0.1218113,-0.69828033,2
2111,-0.14833415,-0.23083992,6
2112,1.0227681,-0.9041128,4
2113,-0.86546415,0.6312507,5
2114,1.7854462,1.0059336,9
2115,1.2112204,1.8058085,5
2116,-0.71712285,-0.6007117,1
2117,2.1476085,-0.3500891,0
2118,-1.0465136,-0.10263992,9
2119,0.03194317,-0.23966107,3
2120,-3.7975671,0.33966178,5
2121,-0.84825987,0.060498185,8
2122,-0.4460654,-0.8938939,3
2123,-1.1752499,0.18415703,2
2124,0.52257633,0.7303137,3
2125,-1.3478543,-0.031392958,6
2126,-0.8420463,-1.0914587,1
2127,-0.32059875,0.8467655,8
2128,-1.8863949,-1.3365576,7
2129,-6.6828327,0.0010155755,1
2130,1.8453373,-0.4333185,1
2131,-0.3929946,0.5922155,9
2132,-0.764133,0.018809704,4
2133,-3.1219468,-4.421888,2
2134,0.96066904,-0.6665016,9
2135,0.4441783,0.42604685,0
2136,-0.6402421,-2.3308477,3
2137,3.6257982,5.589991,0
2138,-0.21110074,-1.18409,5
2139,-4.294512,2.2254755,5
2140,-0.72459304,1.1340108,7
2141,-1.0787107,-0.12376973,2
2142,1.6029962,0.30965078,2
2143,0.6258475,-0.05147063,3
2144,-1.1034571,0.4268326,9
2145,-0.7898093,0.9997824,9
2146,-1.4883616,-0.6141603,6
2147,0.30421683,-0.3176887,5
2148,-1.8717601,-0.41299456,2
2149,-1.0066915,-1.9812062,7
2150,2.011786,-0.59304285,8
2151,1.1743195,-0.8320521,6
2152,2.477177,0.9019927,0
2153,-0.91392547,-0.18276542,1
2154,-0.8048358,-0.30129856,9
2155,0.63683057,0.14481875,1
2156,1.0118558,0.3386517,0
2157,-1.0530655,0.7747283,8
2158,-1.1239476,-2.3111343,8
2159,0.07827039,1.2216681,1
2160,-0.24733639,1.50488,7
2161,-0.323802,-0.7297527,8
2162,0.04781727,0.7730482,0
2163,-0.31548017,0.31295842,7
2164,-0.8168065,-0.81856275,3
2165,-0.34832853,0.1465638,7
2166,1.4651537,0.7793517,1
2167,0.16270539,-0.11619435,6
2168,-0.26789555,-0.56734604,2
2169,-2.7021554,-0.37888464,1
2170,-0.02257464,0.71536285,8
2171,0.36373046,-0.44295022,0
2172,-0.36960757,-0.8764369,5
2173,-0.4175998,2.680516,2
2174,-1.3541394,-1.2016622,6
2175,-0.7798456,1.156053,9
2176,0.16483323,2.0412447,7
2177,-0.06688796,-0.77690595,9
2178,-6.0579815,-0.522657,1
2179,1.8544427,0.012729273,0
2180,1.2645509,-1.1612797,0
2181,0.7143262,-3.1903913,6
2182,1.8543698,-0.2878243,7
2183,-0.36237824,1.1211395,2
2184,-1.0077945,-0.7060573,1
2185,0.15891622,-0.9004552,0
2186,-0.2046322,2.3926172,2
2187,-0.9047679,0.7232519,7
2188,-2.0786035,1.3513222,4
2189,-0.74752706,-0.12826669,9
2190,-0.6128587,-0.35066485,1
2191,0.25409752,-0.6124664,0
2192,0.20926917,2.2450578,2
2193,-0.34818545,1.1568462,7
2194,-0.26480284,0.73018926,9
2195,1.5407436,-0.068924226,4
2196,-0.020388067,-0.78907067,1
2197,1.9275293,-0.61017895,0
2198,-0.5912142,1.1838852,5
2199,-1.146203,-0.72705805,1
2200,-1.14667,-4.0885377,4
2201,0.0126629975,3.475357,8
2202,0.7796405,0.91694033,4
2203,1.2318152,-0.20944291,5
2204,0.07409198,-0.721161,6
2205,1.064852,-0.47972113,7
2206,0.5079184,0.4331683,3
2207,0.15445665,-1.4213754,0
2208,-0.6925441,-0.113217145,7
2209,-0.8552502,0.92054945,1
2210,-1.6588566,-0.82137036,2
2211,-0.33240652,0.9909046,3
2212,0.7202157,1.0443001,1
2213,-1.7168373,-0.9626797,6
2214,0.3316027,0.03884175,0
2215,0.0038295905,1.4745551,2
2216,-0.21173711,0.5876576,4
2217,1.5277854,-2.6373823,4
2218,0.5077362,0.9182566,0
2219,-0.48342797,-2.1095889,5
2220,0.77374154,0.21610284,0
2221,-1.1462035,0.45413336,5
2222,-0.26707214,-0.17529275,1
2223,-0.026766846,-1.1967897,6
2224,0.08684062,-0.5853408,3
2225,0.18138914,1.5505352,7
2226,-0.45549405,1.5885216,8
2227,0.74621713,1.1546721,3
2228,-0.75471777,1.310393,4
2229,1.8343157,-0.47824457,0
2230,1.7476482,1.6166154,5
2231,-1.4720963,-0.33825278,8
2232,-0.5690406,-0.5280512,9
2233,-2.408952,-0.3630353,1
2234,-1.8550872,0.3733086,2
2235,-2.1356976,-1.7784528,8
2236,-1.0155098,0.48491076,9
2237,0.005752656,-0.46653032,2
2238,-0.5526293,-1.2400355,9
2239,-0.16712981,-1.7712207,4
2240,1.6218923,-3.5625575,0
2241,0.022739554,1.0920981,2
2242,-0.86015105,-0.7331746,7
2243,1.0354227,1.1665571,3
2244,0.7842746,1.0044647,6
2245,-0.8113366,-0.23562048,1
2246,-0.6147773,1.619237,7
2247,1.7448412,0.17603767,4
2248,-2.745393,-0.4095766,4
2249,-0.69928014,1.2815745,9
2250,0.42927033,-1.0246462,4
2251,0.0119932555,-0.99198717,6
2252,0.987717,-1.5070425,4
2253,0.21646103,0.58153105,1
2254,-0.79685605,-0.27622306,3
2255,-2.5677078,1.2110348,0
2256,-0.67908317,-0.25096536,8
2257,-2.0961885,-1.0591512,7
2258,0.7341504,-2.0644813,4
2259,-0.21317935,0.66686594,0
2260,1.8497617,0.024449198,0
2261,0.90580183,0.3415822,3
2262,-0.5495716,-2.5682757,2
2263,1.1431055,-1.0097067,6
2264,-5.7836127,0.5382914,2
2265,0.09228298,1.2417917,1
2266,0.12913716,-0.08285529,7
2267,0.140488,-0.45109418,8
2268,0.764143,0.07484034,6
2269,0.6249809,-0.7747895,6
2270,-1.7611173,-2.0008292,6
2271,-2.3737814,-1.9626168,6
2272,1.5464302,0.039621457,0
2273,-0.54551315,-0.10627288,7
2274,-0.8533121,1.6048563,6
2275,0.5983146,-0.563066,9
2276,0.6760023,0.9696251,3
2277,-0.3317629,-0.11279563,1
2278,-0.86165416,0.28583872,7
2279,0.5781623,-0.97612345,1
2280,0.5861073,-0.34901533,9
2281,-4.5057945,6.908509,5
2282,3.2544043,0.1486445,2
2283,1.3311754,0.69743,6
2284,0.9476857,-0.22924685,3
2285,-0.982911,0.14789404,7
2286,-0.7446206,0.32661483,5
2287,-0.6680752,-1.5876564,0
2288,1.0594268,0.056993376,0
2289,-0.1959759,1.3939035,9
2290,0.12582414,-0.6247094,5
2291,-0.35498375,0.65927494,9
2292,-0.6278505,0.22824454,9
2293,0.5085987,1.507786,7
2294,-0.866888,0.8724797,1
2295,-4.016646,1.0918726,1
2296,-0.6494088,-0.3256395,7
2297,1.296128,0.49359545,0
2298,-5.402945,-0.998698,1
2299,-0.9495335,0.56363016,4
2300,0.42523605,-0.29746366,1
2301,-0.392548,-0.3317983,7
2302,1.14342,0.8150156,0
2303,0.07733846,1.265487,6
2304,-0.09509444,1.6456368,2
2305,-0.49980247,1.1476732,7
2306,0.45886263,1.1675133,0
2307,0.39988485,-0.6570171,2
2308,-1.2972373,0.8720509,7
2309,0.31831726,0.67715055,3
2310,-0.9315613,-1.0710171,9
2311,-0.6980008,1.2453645,7
2312,1.3901011,-0.60632354,1
2313,-0.9549026,1.891816,8
2314,-0.54960644,-0.025526706,1
2315,0.77937424,-0.9445915,6
2316,0.2782731,0.5356246,1
2317,-1.3329133,-0.14533366,2
2318,0.36914012,-0.46143913,6
2319,-0.55915785,-0.6272302,5
2320,-1.0151536,1.4117715,2
2321,-0.6520524,-2.1482255,3
2322,-0.78663856,0.67596215,2
2323,0.3112022,0.9944771,0
2324,0.6658847,0.59840715,0
2325,0.2173064,0.13502993,8
2326,0.94276905,-2.1385326,9
2327,-0.6196937,-0.77023625,3
2328,-1.6773065,1.143469,5
2329,-0.02152618,-0.15635695,4
2330,-0.5417517,-0.5136919,6
2331,-0.1479585,-0.07417534,0
2332,1.2416438,-0.7473821,5
2333,0.57717484,0.7392332,6
2334,-0.86158943,-1.68704,2
2335,-2.4421906,-0.091703996,6
2336,-0.22656964,0.70542943,2
2337,-0.29987893,0.38876408,9
2338,0.2214357,1.1391208,3
2339,-0.018684287,-0.91498363,9
2340,1.4965191,1.3818856,5
2341,-0.94011575,-0.16310695,8
2342,-0.23602992,-0.3938713,3
2343,-1.3800706,-0.84176743,9
2344,-0.9935142,0.5983376,7
2345,-0.0064188996,0.3008754,3
2346,1.1385031,-0.8165419,7
2347,-0.6771182,0.1516801,7
2348,-0.7343847,-0.18150294,7
2349,-0.48074615,0.21191788,1
2350,-0.4655544,-0.29964608,8
2351,-0.72326833,-0.6363928,1
2352,-1.1028137,-0.14899366,5
2353,0.53630245,0.36499497,8
2354,-1.0321985,1.3760084,8
2355,1.0852553,5.6902785,2
2356,1.3743654,-1.0155662,6
2357,-0.85436994,-0.43995458,1
2358,-1.5648988,-0.16302922,7
2359,-0.031118754,0.9487948,8
2360,-0.817575,-2.4499454,9
2361,0.47267488,-0.6466313,9
2362,0.28724203,-1.744177,5
2363,0.7259365,0.73891866,0
2364,-1.9077822,-2.4412668,9
2365,-0.15292828,-1.1261562,3
2366,-0.17200166,-0.68178475,4
2367,-0.8597806,0.7038409,4
2368,2.9111705,3.423553,8
2369,-0.5273957,-0.019972505,6
2370,0.17784593,0.84820074,9
2371,-0.08955758,2.1551378,2
2372,-0.78872716,2.3858511,3
2373,-2.2608595,-1.2756057,2
2374,-0.41355434,0.8299136,6
2375,-0.6203391,0.81719136,7
2376,0.13632107,-1.657502,4
2377,-0.6384234,-0.15169297,4
2378,-0.48456168,-0.13732134,7
2379,1.4627514,-0.9959315,5
2380,0.0032856045,-2.0670025,3
2381,-0.26329952,0.40030026,6
2382,-0.39073828,-0.0047192187,4
2383,-1.4716656,-0.36548597,6
2384,3.247439,-0.22195756,4
2385,0.5772875,1.7989333,3
2386,0.68093073,-0.32273751,3
2387,1.0926932,0.015501462,7
2388,-0.39749223,-0.18507078,9
2389,0.22528343,1.4008889,2
2390,-1.4721204,-0.33832932,8
2391,-0.4310542,-1.4037989,8
2392,-1.244039,0.21975854,8
2393,1.9878644,0.46866298,0
2394,-1.0617372,-0.8378308,3
2395,-0.5272542,-0.041285004,7
2396,-0.5696068,0.75491554,0
2397,-0.35156143,0.6321336,6
2398,1.9608136,-1.9620777,4
2399,0.26023865,0.000460336,5
2400,0.11631473,0.13569812,8
2401,0.63611776,0.59042376,8
2402,-0.50875926,0.34595913,9
2403,-0.22872658,0.09468632,7
2404,-1.756417,-0.55526185,4
2405,0.090333864,0.036703978,7
2406,0.3801606,-0.25110334,1
2407,1.5831494,-0.007146963,0
2408,2.5964406,-2.1305864,2
2409,0.008371769,-0.09391236,9
2410,-0.52024835,-3.227292,6
2411,-0.17930155,-0.9901652,8
2412,-0.3196797,-1.642117,9
2413,1.2885536,1.1525576,0
2414,-0.3208179,0.77311796,7
2415,-1.5215459,-1.212349,1
2416,-1.1604953,-0.6983045,1
2417,1.2604544,-1.7201359,3
2418,0.23211108,0.20441222,6
2419,0.73525023,1.0514581,3
2420,0.6543064,-0.638806,0
2421,0.56556845,-2.08045,1
2422,0.800828,0.23990053,0
2423,-3.6069667,-0.33594516,2
2424,-0.6232684,-0.07697092,4
2425,-0.744937,0.96880484,5
2426,0.134501,-0.0745241,9
2427,0.16555744,0.7478545,0
2428,0.5363462,0.06399665,6
2429,0.75077504,-0.23357104,4
2430,-0.6831736,-1.174269,5
2431,0.4353651,0.4545998,0
2432,-0.64818376,-1.2879521,1
2433,0.19480601,0.38701978,2
2434,-0.6300657,-1.8020865,1
2435,0.41061223,-0.21217641,6
2436,1.103273,-0.45179403,9
2437,-1.8655779,-0.43104315,1
2438,1.2141069,-1.1663455,7
2439,-0.062749624,0.51636106,5
2440,-0.8519932,0.8077369,4
2441,-1.4021778,0.02510307,7
2442,0.059601653,-0.60695654,0
2443,0.48736107,0.24095684,3
2444,-2.3706236,0.48253518,6
2445,-1.9382604,-1.0498583,8
2446,-3.6649237,-0.10743211,1
2447,-0.8935322,0.7083719,4
2448,-1.5650934,-0.9901998,7
2449,-0.9714604,0.07551223,1
2450,-0.39297706,-0.17353548,1
2451,0.29176873,1.4253966,0
2452,0.25493377,-0.58693063,7
2453,0.45731863,0.40471882,2
2454,-0.6689363,1.3893174,5
2455,-0.4456551,-0.6162533,1
2456,-0.016238915,-0.1570204,3
2457,-0.567455,-0.83161527,9
2458,0.5512201,-0.9154717,8
2459,0.4490639,-0.4147399,0
2460,0.38149115,1.3538771,4
2461,-4.27008,0.5424853,8
2462,3.0876591,-1.2305642,6
2463,-0.973601,1.8263028,5
2464,0.7821809,0.9928166,0
2465,0.12237887,-0.29954982,7
2466,-0.7524678,0.10916912,7
2467,1.0553992,-0.12651394,1
2468,-0.05646508,0.27381733,3
2469,-0.09680934,-0.968349,9
2470,2.8657544,-0.8585536,6
2471,-0.22643808,0.004707818,9
2472,-1.0413606,-0.0033531643,5
2473,-1.0213741,0.6970507,8
2474,1.2553272,0.6755465,0
2475,1.5106958,-0.8584207,9
2476,-0.615144,1.0481424,9
2477,-0.53374326,0.46073636,6
2478,0.3060072,0.013701369,3
2479,-2.8605838,3.3644106,1
2480,0.28188863,0.76821023,0
2481,0.13277315,0.043500345,3
2482,1.1296936,-0.8651609,9
2483,0.48885778,-1.1717342,6
2484,-4.5965104,1.0431947,8
2485,-0.4416105,1.2836177,7
2486,0.24623008,2.5798016,9
2487,-1.0419838,0.39906603,5
2488,-0.60634345,0.35539967,4
2489,-0.6519391,0.21960755,3
2490,-0.1224273,-0.078957245,1
2491,0.009056875,0.17921887,5
2492,-0.80738944,1.5375118,6
2493,1.118008,-0.9559559,6
2494,0.97051996,0.85590667,0
2495,-1.1990988,-0.553435,9
2496,-0.3299876,-0.04362125,6
2497,-0.06374274,-0.073242284,9
2498,-2.5589197,-2.931287,7
2499,1.1475974,0.641335,0
2500,-0.2889528,-0.7494384,3
2501,-0.58885634,0.18066455,3
2502,-0.45506164,-2.8410137,1
2503,-1.0108148,-2.8444197,7
2504,-2.559609,-0.26824915,6
2505,-0.92249686,0.60986966,9
2506,-2.4853745,-0.8124055,3
2507,0.2302396,-0.66147435,3
2508,-0.29839033,0.13518302,3
2509,0.5054924,0.46074247,1
2510,0.21130572,0.013722992,6
2511,0.22732607,-0.0437206,3
2512,-1.0602685,-0.026257874,4
2513,5.354826,-3.6989133,4
2514,1.4718033,-0.45445126,3
2515,0.11558611,-1.1092472,4
2516,0.5154144,-1.5418655,9
2517,-1.1105503,-0.49826795,4
2518,-0.738334,0.99724287,1
2519,-1.6111392,-3.633893,3
2520,-0.149103,0.84216464,7
2521,-6.0853677,-0.59108746,2
2522,2.1169274,0.19449122,1
2523,-1.3348713,-0.5402347,4
2524,-1.7966204,-0.01393404,5
2525,0.81650823,-1.4488769,5
2526,0.71706873,-0.66389525,5
2527,0.28687817,-0.055061452,2
2528,0.027106171,0.6019477,1
2529,-0.07592884,-0.11774913,8
2530,0.2583983,0.33523273,3
2531,1.19703,-0.8621564,6
2532,1.9217572,-0.32895035,9
2533,-1.2787635,-1.0473309,9
2534,0.41065592,-1.0163589,3
2535,0.12541762,1.5414488,4
2536,-0.55839,-0.42125997,0
2537,1.2781965,-2.0297291,3
2538,-0.7963341,-0.10116882,3
2539,-0.90012455,-0.55034554,5
2540,-0.49070007,-0.79701364,5
2541,0.4319634,-0.84527516,4
2542,3.2138243,2.9017873,7
2543,-2.3296666,0.049696613,5
2544,0.22185728,-0.47253263,1
2545,-1.2139106,-0.45864037,5
2546,-0.7966048,-0.3324735,1
2547,-0.79399073,-0.7328995,0
2548,2.4215524,-7.142853,2
2549,-0.114021614,0.7304366,2
2550,0.720779,0.5953279,4
2551,1.5400106,-0.39534286,0
2552,-0.72450995,-0.35660756,8
2553,-1.1355684,-0.08467637,8
2554,-0.46369907,-2.8821874,6
2555,-1.4255109,0.10227829,1
2556,-0.65206224,-0.24590538,9
2557,0.047794968,-0.1184154,7
2558,-0.50545806,1.6574392,2
2559,0.8251129,-1.2275558,8
2560,0.045150686,-3.1408925,9
2561,-0.88476044,0.94304633,0
2562,1.4201902,2.0252638,6
2563,-0.16246137,0.26669845,9
2564,-0.8026698,-1.5333406,5
2565,-1.7061822,0.670308,7
2566,-1.9571371,-0.7266341,5
2567,-3.0174954,3.2537246,1
2568,-0.11349303,-0.054286715,4
2569,0.15136968,-0.5515317,8
2570,-0.544333,-0.19912107,7
2571,-0.4974,1.269061,8
2572,1.7784057,-0.16183506,6
2573,0.047924872,0.10524053,9
2574,0.44365504,1.2285411,3
2575,0.6744795,-1.292222,2
2576,-1.1161834,0.8978784,1
2577,-0.051626958,-0.90322435,4
2578,-1.436794,1.4226054,5
2579,-1.2919424,-0.29371843,6
2580,0.15351196,1.2958124,8
2581,0.7317481,0.87512136,4
2582,5.0479546,-3.2831762,4
2583,-0.2078057,-0.9885922,9
2584,-0.71190166,0.9555139,1
2585,-0.5535912,2.1818314,2
2586,1.9028922,0.99525523,0
2587,-0.12516344,-1.793585,2
2588,-1.7215757,-2.8274424,5
2589,0.30673409,-0.3991079,9
2590,0.53769416,-0.83488894,9
2591,0.1473613,-1.1999384,0
2592,1.2613609,-0.8696774,0
2593,1.195848,0.692763,2
2594,-3.6855633,0.22964224,4
2595,-0.2600337,0.100471295,6
2596,-0.24603337,-0.95803064,4
2597,-0.740464,0.2647142,8
2598,0.5586961,1.6954961,2
2599,-0.9366076,-0.7264899,3
2600,0.4328528,0.28653562,3
2601,-0.45621714,0.22623302,9
2602,-0.5098756,-0.7587326,1
2603,0.8289579,-0.06836004,9
2604,-1.4264178,1.9067796,2
2605,0.0497532,0.5083902,3
2606,1.2890903,0.28091776,4
2607,-6.5576854,0.9542257,2
2608,-1.0647286,-0.9748366,7
2609,-0.30185136,-0.13451931,2
2610,-0.08286798,-1.1012015,5
2611,-0.07244135,0.54485536,4
2612,-0.64865685,-0.7969175,9
2613,-1.49675,-0.42512032,9
2614,1.690626,-0.6515826,0
2615,-0.62747955,-0.52351695,9
2616,-0.9749814,-0.26588273,7
2617,-0.22382827,-1.0303615,4
2618,0.9843704,-2.4506981,3
2619,-0.23163,-0.002922258,9
2620,3.1170163,-3.7576396,4
2621,1.0891352,-0.90722173,3
2622,-0.36796802,2.0387552,8
2623,-0.04103469,-0.21279962,9
2624,-0.24770567,-0.60454583,0
2625,-1.1332519,-0.6998696,1
2626,0.23804413,1.3971353,2
2627,-0.561784,-0.027686372,1
2628,-0.9718826,-0.38798553,1
2629,1.1822567,-1.2227387,6
2630,0.64791155,0.4946809,6
2631,0.3212494,-0.018368464,5
2632,-1.1494124,1.1975882,7
2633,-0.560305,0.91150993,4
2634,-0.45357183,4.0511518,5
2635,1.229043,1.6221325,0
2636,-0.46595144,0.556868,4
2637,-0.45369077,-2.0207858,8
2638,0.08105929,0.6322317,8
2639,0.4757863,-0.1427003,8
2640,-0.87494075,0.34591573,7
2641,0.79858404,-1.1241335,2
2642,0.3367054,0.50001967,7
2643,-0.7992468,-0.35523668,6
2644,-1.204051,-0.31126064,2
2645,-0.26703456,0.10116,5
2646,-0.21514879,1.9707494,3
2647,-0.44996,0.32364362,5
2648,0.08627029,0.63245803,3
2649,-0.1582083,0.6758719,7
2650,0.00452355,0.0014907036,7
2651,-0.7436654,-0.47289044,1
2652,-0.13909039,0.4058328,1
2653,-0.7246055,1.1340365,7
2654,-3.196417,-1.1120548,4
2655,0.9704783,0.6858278,0
2656,-2.243288,0.9032483,6
2657,0.62553877,-0.3611406,0
2658,-0.27455068,0.005753729,1
2659,-1.5655742,0.6698237,1
2660,-1.5500062,3.4598446,5
2661,-1.6234933,0.70223814,7
2662,-0.1347158,-0.9614866,0
2663,-0.9858703,0.69488275,4
2664,1.4335952,1.5000448,9
2665,-0.8722135,-0.13607886,4
2666,-1.6637653,2.469113,2
2667,-2.7678187,0.026333854,2
2668,-0.39971247,1.7499038,7
2669,0.51407117,1.7867432,7
2670,-2.1807406,-2.0551126,3
2671,-0.6161891,-0.36878562,7
2672,-0.9224996,0.6095032,9
2673,0.069947965,-2.5350106,8
2674,0.78908676,-0.082506336,3
2675,-1.053548,1.8573551,7
2676,1.7552803,0.29176804,4
2677,-3.2588978,1.9147886,8
2678,-0.67955685,1.455119,2
2679,-0.88637465,2.1047843,5
2680,0.8395029,0.2267285,2
2681,-1.2141881,0.7592896,1
2682,-4.241376,-1.2916999,5
2683,-0.874054,-0.5844756,4
2684,-0.66727316,-0.10962973,9
2685,-0.15292501,0.123003475,7
2686,0.89695376,-0.6096616,6
2687,-1.5027256,-0.8785809,1
2688,0.515341,-1.5419229,9
2689,0.89358634,-0.8024326,3
2690,-0.08018029,-0.2783675,8
2691,-0.42382818,-0.57723206,9
2692,0.32314357,-1.5094005,6
2693,-0.80481684,-0.90504,1
2694,0.32931158,-0.5117333,3
2695,1.1393752,-1.5925833,4
2696,2.2497306,0.963213,0
2697,3.5642562,-0.72286713,2
2698,-0.90166634,0.7403014,7
2699,-1.2385697,0.44558746,7
2700,-0.4623298,-0.3115683,5
2701,0.493958,-0.94505423,9
2702,-1.5401485,-1.2172719,6
2703,-0.7738683,-0.14588335,9
2704,-0.86647624,-0.44670543,9
2705,-0.7293818,0.5369164,3
2706,0.22764497,-0.729471,3
2707,-1.4400005,1.418431,2
2708,-2.5874946,-2.082473,8
2709,-0.2057263,-1.3050836,3
2710,-0.42595044,-0.0830425,3
2711,-0.30068094,0.6881328,9
2712,-0.64100426,0.21366172,9
2713,-1.379286,1.0259898,3
2714,1.6829336,-0.17471702,0
2715,-0.6324453,-1.1554315,3
2716,-0.32456106,-0.0064868047,7
2717,0.27711996,-0.3684628,1
2718,-0.53775847,-0.46045655,7
2719,0.030415308,0.3001154,7
2720,-0.22774576,-0.27286223,3
2721,-3.0886695,-1.06674,1
2722,3.0144377,-0.107281834,9
2723,-2.173461,-0.7697343,1
2724,-1.7523186,2.1374013,5
2725,0.11570191,0.27666378,1
2726,0.46069053,1.3875327,3
2727,2.5224974,-0.5767434,0
2728,-0.5359967,-2.8717842,2
2729,-0.2520581,-0.8134678,4
2730,-0.36078396,-0.24630833,5
2731,1.1351831,-0.6924985,5
2732,-0.85570365,-0.016834114,4
2733,-1.3715942,0.08467522,7
2734,-3.1833363,1.5710279,6
2735,0.7802926,-1.1042085,5
2736,-0.7430607,-0.7612395,7
2737,1.0576614,0.3475203,6
2738,0.3736776,-0.8368336,4
2739,-1.5525789,1.4151214,0
2740,-0.17088127,0.37900892,8
2741,0.32152426,-1.9758575,2
2742,-0.43914503,0.44146898,2
2743,-0.29191434,-0.4276048,0
2744,0.10109061,-0.9215735,1
2745,-0.0036000488,-0.064456284,3
2746,-0.36505163,0.60347396,0
2747,-1.8413355,-2.2470083,6
2748,0.36509234,0.16319987,6
2749,-0.44751328,-0.59492344,4
2750,0.71478313,0.80631167,0
2751,0.93125,0.33989066,2
2752,0.27624267,1.25785,5
2753,-0.631823,-0.5580316,4
2754,-1.5466552,-0.77528155,6
2755,0.38164172,-0.35898948,0
2756,0.13469495,-0.4017635,4
2757,0.31169027,-5.389467,5
2758,4.8392124,-2.0544517,1
2759,-0.2274801,0.18261236,7
2760,0.66607344,-1.4663385,3
2761,0.172644,1.0078359,3
2762,-1.9179751,-0.9834442,7
2763,1.7497364,0.06498757,0
2764,0.3106645,-1.1180094,0
2765,-3.9911413,-0.8305391,7
2766,-1.2197139,1.3107306,5
2767,0.9148077,-1.0425396,4
2768,-0.49872756,-0.56014156,1
2769,1.8774188,-0.18716575,0
2770,-0.9343949,-0.008002754,6
2771,-4.119138,3.8601294,5
2772,-0.3430508,-1.1062875,1
2773,-0.12751222,0.3870866,5
2774,-0.5382339,-0.07170693,5
2775,0.29120073,0.20214579,3
2776,-3.516621,1.6103865,2
2777,-0.64532256,0.7660835,4
2778,-0.21391918,-0.6478365,3
2779,0.47736683,-1.0323073,0
2780,0.33188304,6.643302,5
2781,-2.963202,-2.1764395,5
2782,-0.60027015,-1.042349,8
2783,0.559598,-0.69564337,6
2784,0.3222384,-0.54863787,1
2785,1.0043305,-0.11842879,0
2786,-0.53624904,0.62772065,4
2787,-0.39870867,-0.77779764,4
2788,0.34596157,2.3173752,7
2789,-2.6424131,0.37888667,8
2790,-1.184976,-0.58208203,1
2791,-0.09080322,0.13946551,0
2792,2.2711802,-3.006004,2
2793,-0.84225667,-0.4826711,1
2794,-0.9708243,2.888302,2
2795,-3.2455256,0.5123937,8
2796,0.19600205,0.53584987,0
2797,1.9219717,-1.6580714,4
2798,1.1840276,-0.42214355,1
2799,-0.97100866,0.9909245,4
2800,-2.2208474,-1.9614226,5
2801,2.886871,-2.7780046,1
2802,-0.14737262,0.053368244,5
2803,-1.4021919,0.12643613,5
2804,-0.19388525,0.60091287,3
2805,0.077198,-0.4987427,0
2806,-0.8389236,1.5509977,5
2807,-0.36424348,1.4579331,8
2808,0.6244149,0.6064814,8
2809,-0.3298948,0.16357675,8
2810,0.35546267,-0.28884012,9
2811,-0.16911216,0.60547775,8
2812,-1.2547195,0.6153811,1
2813,0.16980296,0.876519,4
2814,1.124761,-0.14405668,3
2815,-0.8108665,-0.17345805,8
2816,-0.41585913,0.12994717,9
2817,4.8477745,1.0736233,5
2818,-3.073963,1.6049048,8
2819,1.6575131,1.7724608,0
2820,-1.3079704,-0.39564863,0
2821,0.22436629,-1.5465354,9
2822,-0.62358826,0.33847186,4
2823,0.03205604,2.0705082,2
2824,0.9501102,-2.7662854,5
2825,0.64162844,-0.34954798,0
2826,-1.1373863,-0.33661774,0
2827,-0.045046367,-0.8371696,3
2828,0.2862242,-0.49573392,2
2829,3.2204957,-2.8187308,2
2830,1.7515569,4.370097,3
2831,-5.248506,-0.4099421,7
2832,0.8827997,0.3785481,0
2833,0.2464188,0.1796229,3
2834,-0.58844495,-1.6087955,9
2835,0.9746003,-2.1738558,6
2836,0.13500142,2.1331577,8
2837,-2.1934881,0.49156803,8
2838,-0.5820943,-0.08688256,9
2839,-0.6451445,-0.5437453,0
2840,1.5026996,-0.33190706,2
2841,-1.1214628,-0.12468684,6
2842,0.31665042,-1.1603069,4
2843,-0.88081783,-0.8380188,4
2844,-0.582224,-0.5062916,9
2845,-1.7416534,-0.9507171,8
2846,1.5638148,-0.22528747,6
2847,0.58308727,-1.6969703,4
2848,-0.53349495,0.9230513,7
2849,-0.18618743,0.36595115,8
2850,-0.89247906,-0.6751987,8
2851,0.22696735,-0.23852548,5
2852,-0.5901897,0.18591408,4
2853,1.1088405,-0.037273187,0
2854,-0.4380423,-1.452008,9
2855,0.8355188,-1.1078887,9
2856,-0.0028435062,0.56783926,2
2857,-1.3160264,0.12443614,7
2858,-0.20116463,-0.88770896,1
2859,0.15962204,1.6571829,8
2860,0.8210549,-2.4591844,2
2861,-0.63716567,0.6789259,7
2862,1.1321018,-9.302233e-06,4
2863,0.85466933,-0.228528,0
2864,-0.579859,-0.8157063,1
2865,-1.1726799,0.86920315,8
2866,-0.25327215,-0.28348902,1
2867,-3.403085,-0.47407445,1
2868,-0.64409935,-0.43457228,5
2869,1.2169095,1.3438797,5
2870,-1.9858145,-0.01962924,5
2871,-0.5423454,0.2892265,7
2872,-0.447191,-0.41648307,3
2873,-2.1324394,1.034981,8
2874,-0.6507991,-0.7043439,3
2875,-0.51057863,-1.2249898,4
2876,-0.7511048,0.06631495,1
2877,-0.43174306,-0.8084169,1
2878,-0.34499085,0.9574865,1
2879,-0.04817865,0.97846884,7
2880,-1.5927931,-1.3423865,6
2881,-0.48072898,0.5429354,8
2882,1.7870182,-1.9469103,9
2883,-0.54704124,-0.39721864,7
2884,0.3899702,-1.5906258,6
2885,0.5524143,-1.5051885,9
2886,-0.31133583,-0.36216554,4
2887,0.9633023,-1.3534062,1
2888,1.3945559,-0.43874115,8
2889,-0.9392764,1.1267083,7
2890,-0.22883715,-0.11944124,3
2891,-0.2291598,-0.6817979,5
2892,0.50369173,0.87522215,4
2893,-0.10504812,0.48288888,7
2894,-2.2337573,-0.7534803,0
2895,-1.3401891,1.0649747,1
2896,1.377442,-0.3090589,0
2897,0.5098988,-0.08267142,0
2898,0.20973033,-0.70635563,6
2899,-1.3456457,2.6799297,8
2900,-1.0079235,0.6981082,7
2901,-1.6273547,-0.7947762,6
2902,0.4521733,-0.64705616,0
2903,3.6365287,-1.5010357,5
2904,0.53639275,-1.3187995,9
2905,0.06007921,0.8415174,6
2906,-1.8187944,-2.6557639,6
2907,-0.034167968,-0.9736676,2
2908,-1.2455473,-1.0463766,6
2909,0.17904091,0.5317215,6
2910,0.10048878,0.39115587,8
2911,1.5864378,-0.15790895,5
2912,-0.8695089,-0.039649583,4
2913,-2.5476983,-1.8449999,5
2914,-0.5264181,0.8270276,8
2915,-1.1274858,-1.935403,9
2916,-0.69172394,0.025482066,4
2917,-0.19405667,2.0233245,2
2918,0.26108718,-0.8865895,4
2919,-1.6492345,0.0446589,8
2920,-2.568176,-0.0047692778,8
2921,0.12985338,0.21175879,2
2922,1.0512904,-3.2526274,6
2923,1.0452638,2.0849147,0
2924,-0.11509311,-1.1787667,9
2925,0.09843756,-1.419348,9
2926,-1.0038906,1.299639,8
2927,0.31110024,0.17666832,1
2928,-0.4595215,-0.8017764,3
2929,-0.5887054,0.60642916,1
2930,1.1479659,-1.3470854,9
2931,-0.90566504,0.3775551,4
2932,1.3154256,-0.10066621,3
2933,-1.4122022,1.809487,1
2934,-0.46542424,1.0177271,2
2935,-1.3625265,-0.19608016,5
2936,-0.36354277,0.30892304,7
2937,0.6702281,-0.4946606,5
2938,-0.35743734,-0.32483712,4
2939,-0.33616564,0.0065519745,7
2940,0.03040439,-1.5675386,8
2941,-0.82068384,-0.455247,7
2942,0.20731851,-0.9477625,1
2943,-0.2754033,-2.7566361,9
2944,0.33358428,0.010740444,3
2945,-0.57845765,0.85370153,9
2946,0.51997304,-0.055258024,5
2947,-0.7068995,1.087825,4
2948,1.5437142,-0.25059557,3
2949,-1.4822246,3.48437,5
2950,-0.53127235,-0.11434126,1
2951,0.76698285,-1.8206577,2
2952,-2.9861977,1.4773946,1
2953,-0.89424837,0.7981124,8
2954,-0.4454932,1.2195572,4
2955,-1.0403897,0.2896299,9
2956,-3.971893,-0.15242827,1
2957,-0.7160028,-1.2306988,1
2958,-0.9350066,-0.8627697,1
2959,-2.1259212,1.389739,3
2960,-0.94773513,0.54371506,7
2961,-2.6039686,-1.1937932,7
2962,1.640972,-1.3497549,9
2963,0.39919886,0.45729655,9
2964,-0.36916056,-0.19840097,3
2965,0.69631284,-0.26697734,1
2966,0.364546,-0.1227437,7
2967,-1.4533445,-0.23133208,7
2968,-0.1274137,-1.2176294,4
2969,-0.39728203,0.9053586,3
2970,1.968279,-0.22902457,1
2971,-1.0409944,0.6945199,1
2972,-0.4051793,-0.89344615,1
2973,-5.9383106,0.6353634,1
2974,1.4019004,0.14345235,0
2975,-0.26715717,0.553385,3
2976,-0.72123146,-2.9264753,8
2977,-0.470087,1.413847,1
2978,0.20186488,0.12430074,7
2979,1.136987,-0.1816104,8
2980,-0.477309,1.6842985,6
2981,0.49477136,-0.9083793,9
2982,-1.0217812,1.8307128,2
2983,0.592206,0.036383234,5
2984,-3.5552168,0.034824487,8
2985,0.19849823,0.6420202,3
2986,0.09870269,0.5033478,9
2987,-0.48522952,-0.86959887,5
2988,-1.0986338,0.19361562,9
2989,-0.4962044,0.73789495,6
2990,-0.0052419365,0.15212846,9
2991,-0.79274225,0.93151176,9
2992,-1.3364403,1.5487835,5
2993,2.1207347,0.12967512,1
2994,-1.3641164,-0.22300054,5
2995,-0.033698767,0.9650604,0
2996,-3.541817,-0.8006548,6
2997,-0.3696297,0.19579294,4
2998,-0.41830745,-0.6039385,1
2999,0.5598914,-0.83111805,0
